2025-09-19 16:48:48 | handlers | DEBUG | -1003065205593 | Функция start_command() выполнена
2025-09-19 17:41:12 | handlers | DEBUG | -1003065205593 | Функция me_command() выполнена
2025-09-19 19:44:02 | handlers | DEBUG | -1003065205593 | Функция start_command() выполнена
2025-09-19 19:44:05 | handlers | DEBUG | -1003065205593 | Функция me_command() выполнена
2025-09-19 22:05:44 | handlers | DEBUG | 5195134444 | Функция private_message() выполнена
2025-09-19 22:06:01 | handlers | DEBUG | -1003065205593 | Функция start_command() выполнена
2025-09-19 22:06:16 | handlers | DEBUG | -1003065205593 | Функция me_command() выполнена
2025-09-19 22:14:12 | handlers | DEBUG | -1003065205593 | Функция prof_command() выполнена
2025-09-19 22:17:31 | handlers | DEBUG | -1003065205593 | Функция prof_command() выполнена
2025-09-19 22:19:44 | handlers | DEBUG | -1003065205593 | Функция prof_command() выполнена
2025-09-19 22:20:00 | handlers | DEBUG | -1003065205593 | Выбрана профессия: Землепашец
2025-09-19 22:20:00 | handlers | DEBUG | -1003065205593 | Функция select_prof_callback() выполнена
2025-09-19 22:21:24 | handlers | DEBUG | -1003065205593 | Функция prof_command() выполнена
2025-09-19 22:21:59 | handlers | DEBUG | -1003065205593 | Выбрана профессия: Землепашец
2025-09-19 22:21:59 | handlers | DEBUG | -1003065205593 | Функция select_prof_callback() выполнена
2025-09-19 22:47:05 | handlers | DEBUG | -1003065205593 | Функция prof_command() выполнена
2025-09-19 22:47:07 | handlers | DEBUG | -1003065205593 | 1 | Выбрана профессия: Землепашец
2025-09-19 22:47:07 | handlers | DEBUG | -1003065205593 | Функция select_prof_callback() выполнена
2025-09-19 22:47:44 | handlers | DEBUG | -1003065205593 | Функция prof_command() выполнена
2025-09-19 22:47:44 | handlers | DEBUG | -1003065205593 | 1 | Выбрана профессия: Землепашец
2025-09-19 22:47:44 | handlers | DEBUG | -1003065205593 | Функция select_prof_callback() выполнена
2025-09-19 22:49:40 | handlers | DEBUG | -1003065205593 | Функция prof_command() выполнена
2025-09-19 22:49:41 | handlers | DEBUG | -1003065205593 | 1 | Выбрана профессия: Землепашец
2025-09-19 22:49:41 | handlers | DEBUG | -1003065205593 | Функция select_prof_callback() выполнена
2025-09-19 22:49:43 | handlers | DEBUG | -1003065205593 | Функция job_command() выполнена
2025-09-19 22:49:48 | handlers | DEBUG | -1003065205593 | Функция clicker_callback() выполнена
2025-09-19 22:49:48 | handlers | DEBUG | -1003065205593 | Функция clicker_callback() выполнена
2025-09-19 22:49:49 | handlers | DEBUG | -1003065205593 | Функция clicker_callback() выполнена
2025-09-19 22:49:50 | handlers | DEBUG | -1003065205593 | Функция clicker_callback() выполнена
2025-09-19 22:49:50 | handlers | DEBUG | -1003065205593 | Функция clicker_callback() выполнена
2025-09-19 22:49:53 | handlers | DEBUG | -1003065205593 | Функция clicker_callback() выполнена
2025-09-19 22:49:56 | handlers | DEBUG | -1003065205593 | Функция clicker_callback() выполнена
2025-09-19 22:49:56 | handlers | DEBUG | -1003065205593 | Функция clicker_callback() выполнена
2025-09-19 22:49:56 | handlers | DEBUG | -1003065205593 | Функция clicker_callback() выполнена
2025-09-19 22:49:56 | handlers | DEBUG | -1003065205593 | Функция clicker_callback() выполнена
2025-09-19 22:50:03 | handlers | DEBUG | -1003065205593 | Функция job_command() выполнена
2025-09-19 22:50:05 | handlers | DEBUG | -1003065205593 | Функция clicker_callback() выполнена
2025-09-19 22:50:06 | handlers | DEBUG | -1003065205593 | Функция clicker_callback() выполнена
2025-09-19 22:50:07 | handlers | DEBUG | -1003065205593 | Функция clicker_callback() выполнена
2025-09-19 22:50:08 | handlers | DEBUG | -1003065205593 | Функция clicker_callback() выполнена
2025-09-19 22:50:09 | handlers | DEBUG | -1003065205593 | Функция clicker_callback() выполнена
2025-09-19 22:50:11 | handlers | DEBUG | -1003065205593 | Функция clicker_callback() выполнена
2025-09-19 22:51:34 | handlers | DEBUG | -1003065205593 | Функция prof_command() выполнена
2025-09-19 22:51:39 | handlers | DEBUG | -1003065205593 | 1 | Выбрана профессия: Землепашец
2025-09-19 22:51:39 | handlers | DEBUG | -1003065205593 | Функция select_prof_callback() выполнена
2025-09-19 22:51:40 | handlers | DEBUG | -1003065205593 | Функция job_command() выполнена
2025-09-19 22:51:41 | handlers | DEBUG | -1003065205593 | Функция clicker_callback() выполнена
2025-09-19 22:51:42 | handlers | DEBUG | -1003065205593 | Функция clicker_callback() выполнена
2025-09-19 22:51:42 | handlers | DEBUG | -1003065205593 | Функция clicker_callback() выполнена
2025-09-19 22:51:43 | handlers | DEBUG | -1003065205593 | Функция clicker_callback() выполнена
2025-09-19 22:51:44 | handlers | DEBUG | -1003065205593 | Функция clicker_callback() выполнена
2025-09-19 22:51:45 | handlers | DEBUG | -1003065205593 | Функция clicker_callback() выполнена
2025-09-19 22:51:49 | handlers | DEBUG | -1003065205593 | Функция clicker_callback() выполнена
2025-09-19 22:51:49 | handlers | DEBUG | -1003065205593 | Функция clicker_callback() выполнена
2025-09-19 22:51:49 | handlers | DEBUG | -1003065205593 | Функция clicker_callback() выполнена
2025-09-19 22:51:58 | handlers | DEBUG | -1003065205593 | Функция job_command() выполнена
2025-09-19 22:51:59 | handlers | DEBUG | -1003065205593 | Функция clicker_callback() выполнена
2025-09-19 22:52:00 | handlers | DEBUG | -1003065205593 | Функция clicker_callback() выполнена
2025-09-19 22:52:01 | handlers | DEBUG | -1003065205593 | Функция clicker_callback() выполнена
2025-09-19 22:52:01 | handlers | DEBUG | -1003065205593 | Функция clicker_callback() выполнена
2025-09-19 22:52:02 | handlers | DEBUG | -1003065205593 | Функция clicker_callback() выполнена
2025-09-19 22:52:06 | handlers | DEBUG | -1003065205593 | Функция clicker_callback() выполнена
2025-09-19 22:52:07 | handlers | DEBUG | -1003065205593 | Функция clicker_callback() выполнена
2025-09-19 22:52:07 | handlers | DEBUG | -1003065205593 | Функция clicker_callback() выполнена
2025-09-19 22:59:08 | handlers | DEBUG | -1003065205593 | Функция prof_command() выполнена
2025-09-19 22:59:11 | handlers | DEBUG | -1003065205593 | 1 | Выбрана профессия: Землепашец
2025-09-19 22:59:11 | handlers | DEBUG | -1003065205593 | Функция select_prof_callback() выполнена
2025-09-19 22:59:13 | handlers | DEBUG | -1003065205593 | Функция job_command() выполнена
2025-09-19 22:59:15 | handlers | DEBUG | -1003065205593 | Функция clicker_callback() выполнена
2025-09-19 22:59:15 | handlers | DEBUG | -1003065205593 | Функция clicker_callback() выполнена
2025-09-19 22:59:16 | handlers | DEBUG | -1003065205593 | Функция clicker_callback() выполнена
2025-09-19 22:59:16 | handlers | DEBUG | -1003065205593 | Функция clicker_callback() выполнена
2025-09-19 22:59:17 | handlers | DEBUG | -1003065205593 | Функция clicker_callback() выполнена
2025-09-19 22:59:18 | handlers | DEBUG | -1003065205593 | Функция clicker_callback() выполнена
2025-09-19 22:59:22 | handlers | DEBUG | -1003065205593 | Функция clicker_callback() выполнена
2025-09-19 22:59:23 | handlers | DEBUG | -1003065205593 | Функция clicker_callback() выполнена
2025-09-19 22:59:23 | handlers | DEBUG | -1003065205593 | Функция clicker_callback() выполнена
2025-09-19 22:59:24 | handlers | DEBUG | -1003065205593 | Функция clicker_callback() выполнена
2025-09-19 22:59:24 | handlers | DEBUG | -1003065205593 | Функция clicker_callback() выполнена
2025-09-19 22:59:28 | handlers | DEBUG | -1003065205593 | Функция clicker_callback() выполнена
2025-09-19 22:59:29 | handlers | DEBUG | -1003065205593 | Функция clicker_callback() выполнена
2025-09-19 22:59:29 | handlers | DEBUG | -1003065205593 | Функция clicker_callback() выполнена
2025-09-19 22:59:30 | handlers | DEBUG | -1003065205593 | Функция clicker_callback() выполнена
2025-09-19 22:59:31 | handlers | DEBUG | -1003065205593 | Функция clicker_callback() выполнена
2025-09-19 22:59:41 | handlers | DEBUG | -1003065205593 | Функция prof_command() выполнена
2025-09-19 22:59:42 | handlers | DEBUG | -1003065205593 | 2 | Выбрана профессия: Землепашец
2025-09-19 22:59:42 | handlers | DEBUG | -1003065205593 | Функция select_prof_callback() выполнена
2025-09-19 22:59:44 | handlers | DEBUG | -1003065205593 | Функция job_command() выполнена
2025-09-19 22:59:58 | handlers | DEBUG | -1003065205593 | Функция clicker_callback() выполнена
2025-09-19 23:00:07 | handlers | DEBUG | -1003065205593 | Функция job_command() выполнена
2025-09-19 23:02:38 | handlers | DEBUG | -1003065205593 | Функция prof_command() выполнена
2025-09-19 23:02:39 | handlers | DEBUG | -1003065205593 | 1 | Выбрана профессия: Землепашец
2025-09-19 23:02:39 | handlers | DEBUG | -1003065205593 | Функция select_prof_callback() выполнена
2025-09-19 23:02:40 | handlers | DEBUG | -1003065205593 | Функция job_command() выполнена
2025-09-19 23:02:42 | handlers | DEBUG | -1003065205593 | Функция clicker_callback() выполнена
2025-09-19 23:02:42 | handlers | DEBUG | -1003065205593 | Функция clicker_callback() выполнена
2025-09-19 23:02:43 | handlers | DEBUG | -1003065205593 | Функция clicker_callback() выполнена
2025-09-19 23:02:43 | handlers | DEBUG | -1003065205593 | Функция clicker_callback() выполнена
2025-09-19 23:02:44 | handlers | DEBUG | -1003065205593 | Функция clicker_callback() выполнена
2025-09-19 23:02:46 | handlers | DEBUG | -1003065205593 | Функция clicker_callback() выполнена
2025-09-19 23:02:46 | handlers | DEBUG | -1003065205593 | Функция clicker_callback() выполнена
2025-09-19 23:02:47 | handlers | DEBUG | -1003065205593 | Функция clicker_callback() выполнена
2025-09-19 23:02:50 | handlers | DEBUG | -1003065205593 | Функция clicker_callback() выполнена
2025-09-20 12:50:58 | handlers | DEBUG | -1003065205593 | Функция job_command() выполнена
2025-09-20 12:51:03 | handlers | DEBUG | -1003065205593 | Функция clicker_callback() выполнена
2025-09-20 12:51:04 | handlers | DEBUG | -1003065205593 | Функция clicker_callback() выполнена
2025-09-20 12:51:05 | handlers | DEBUG | -1003065205593 | Функция clicker_callback() выполнена
2025-09-20 12:51:05 | handlers | DEBUG | -1003065205593 | Функция clicker_callback() выполнена
2025-09-20 12:51:07 | handlers | DEBUG | -1003065205593 | Функция clicker_callback() выполнена
2025-09-20 12:51:08 | handlers | DEBUG | -1003065205593 | Функция clicker_callback() выполнена
2025-09-20 12:51:11 | handlers | DEBUG | -1003065205593 | Функция clicker_callback() выполнена
2025-09-20 12:51:11 | handlers | DEBUG | -1003065205593 | Функция clicker_callback() выполнена
2025-09-20 12:51:12 | handlers | DEBUG | -1003065205593 | Функция clicker_callback() выполнена
2025-09-20 12:51:12 | handlers | DEBUG | -1003065205593 | Функция clicker_callback() выполнена
2025-09-20 12:51:13 | handlers | DEBUG | -1003065205593 | Функция clicker_callback() выполнена
2025-09-20 12:51:17 | handlers | DEBUG | -1003065205593 | Функция clicker_callback() выполнена
2025-09-20 12:51:17 | handlers | DEBUG | -1003065205593 | Функция clicker_callback() выполнена
2025-09-20 12:51:17 | handlers | DEBUG | -1003065205593 | Функция clicker_callback() выполнена
2025-09-20 12:51:24 | handlers | DEBUG | -1003065205593 | Функция clicker_callback() выполнена
2025-09-20 12:51:24 | handlers | DEBUG | -1003065205593 | Функция clicker_callback() выполнена
2025-09-20 12:54:51 | handlers | DEBUG | -1003065205593 | Функция inventory_command() выполнена
2025-09-20 13:00:27 | handlers | DEBUG | -1003065205593 | Функция inventory_command() выполнена
2025-09-20 13:00:46 | handlers | DEBUG | -1003065205593 | Функция job_command() выполнена
2025-09-20 13:00:47 | handlers | DEBUG | -1003065205593 | Функция clicker_callback() выполнена
2025-09-20 13:00:48 | handlers | DEBUG | -1003065205593 | Функция clicker_callback() выполнена
2025-09-20 13:00:48 | handlers | DEBUG | -1003065205593 | Функция clicker_callback() выполнена
2025-09-20 13:00:48 | handlers | DEBUG | -1003065205593 | Функция clicker_callback() выполнена
2025-09-20 13:00:49 | handlers | DEBUG | -1003065205593 | Функция clicker_callback() выполнена
2025-09-20 13:00:53 | handlers | DEBUG | -1003065205593 | Функция clicker_callback() выполнена
2025-09-20 13:00:54 | handlers | DEBUG | -1003065205593 | Функция clicker_callback() выполнена
2025-09-20 13:00:54 | handlers | DEBUG | -1003065205593 | Функция clicker_callback() выполнена
2025-09-20 13:00:54 | handlers | DEBUG | -1003065205593 | Функция clicker_callback() выполнена
2025-09-20 13:00:55 | handlers | DEBUG | -1003065205593 | Функция clicker_callback() выполнена
2025-09-20 13:00:59 | handlers | DEBUG | -1003065205593 | Функция clicker_callback() выполнена
2025-09-20 13:00:59 | handlers | DEBUG | -1003065205593 | Функция clicker_callback() выполнена
2025-09-20 13:01:00 | handlers | DEBUG | -1003065205593 | Функция clicker_callback() выполнена
2025-09-20 13:01:00 | handlers | DEBUG | -1003065205593 | Функция clicker_callback() выполнена
2025-09-20 13:01:00 | handlers | DEBUG | -1003065205593 | Функция clicker_callback() выполнена
2025-09-20 13:01:05 | handlers | DEBUG | -1003065205593 | Функция clicker_callback() выполнена
2025-09-20 13:02:47 | handlers | DEBUG | -1003065205593 | Функция inventory_command() выполнена
2025-09-20 13:03:42 | handlers | DEBUG | -1003065205593 | Функция prof_command() выполнена
2025-09-20 13:03:43 | handlers | DEBUG | -1003065205593 | 2 | Выбрана профессия: Землепашец
2025-09-20 13:03:43 | handlers | DEBUG | -1003065205593 | Функция select_prof_callback() выполнена
2025-09-20 13:03:45 | handlers | DEBUG | -1003065205593 | Функция job_command() выполнена
2025-09-20 13:03:51 | handlers | DEBUG | -1003065205593 | Функция clicker_callback() выполнена
2025-09-20 13:03:54 | handlers | DEBUG | -1003065205593 | Функция job_command() выполнена
2025-09-20 13:03:55 | handlers | DEBUG | -1003065205593 | Функция clicker_callback() выполнена
2025-09-20 13:03:57 | handlers | DEBUG | -1003065205593 | Функция job_command() выполнена
2025-09-20 13:03:58 | handlers | DEBUG | -1003065205593 | Функция clicker_callback() выполнена
2025-09-20 13:03:59 | handlers | DEBUG | -1003065205593 | Функция job_command() выполнена
2025-09-20 13:04:00 | handlers | DEBUG | -1003065205593 | Функция clicker_callback() выполнена
2025-09-20 13:04:01 | handlers | DEBUG | -1003065205593 | Функция job_command() выполнена
2025-09-20 13:04:03 | handlers | DEBUG | -1003065205593 | Функция clicker_callback() выполнена
2025-09-20 13:04:04 | handlers | DEBUG | -1003065205593 | Функция job_command() выполнена
2025-09-20 13:04:05 | handlers | DEBUG | -1003065205593 | Функция clicker_callback() выполнена
2025-09-20 13:04:06 | handlers | DEBUG | -1003065205593 | Функция job_command() выполнена
2025-09-20 13:07:34 | handlers | DEBUG | -1003065205593 | Функция job_command() выполнена
2025-09-20 13:07:34 | handlers | DEBUG | -1003065205593 | Функция job_command() выполнена
2025-09-20 13:07:36 | handlers | DEBUG | -1003065205593 | Функция clicker_callback() выполнена
2025-09-20 13:07:36 | handlers | DEBUG | -1003065205593 | Функция clicker_callback() выполнена
2025-09-20 13:07:37 | handlers | DEBUG | -1003065205593 | Функция clicker_callback() выполнена
2025-09-20 13:07:37 | handlers | DEBUG | -1003065205593 | Функция clicker_callback() выполнена
2025-09-20 13:07:38 | handlers | DEBUG | -1003065205593 | Функция clicker_callback() выполнена
2025-09-20 13:07:41 | handlers | DEBUG | -1003065205593 | Функция clicker_callback() выполнена
2025-09-20 13:07:42 | handlers | DEBUG | -1003065205593 | Функция clicker_callback() выполнена
2025-09-20 13:07:42 | handlers | DEBUG | -1003065205593 | Функция clicker_callback() выполнена
2025-09-20 13:07:42 | handlers | DEBUG | -1003065205593 | Функция clicker_callback() выполнена
2025-09-20 13:07:43 | handlers | DEBUG | -1003065205593 | Функция clicker_callback() выполнена
2025-09-20 13:07:47 | handlers | DEBUG | -1003065205593 | Функция clicker_callback() выполнена
2025-09-20 13:07:47 | handlers | DEBUG | -1003065205593 | Функция clicker_callback() выполнена
2025-09-20 13:07:52 | handlers | DEBUG | -1003065205593 | Функция clicker_callback() выполнена
2025-09-20 13:07:53 | handlers | DEBUG | -1003065205593 | Функция clicker_callback() выполнена
2025-09-20 13:08:38 | handlers | DEBUG | -1003065205593 | Функция clicker_callback() выполнена
2025-09-20 13:08:46 | handlers | DEBUG | -1003065205593 | Функция job_command() выполнена
2025-09-20 13:08:48 | handlers | DEBUG | -1003065205593 | Функция clicker_callback() выполнена
2025-09-20 13:08:51 | handlers | DEBUG | -1003065205593 | Функция job_command() выполнена
2025-09-20 13:11:41 | handlers | DEBUG | -1003065205593 | Функция clicker_callback() выполнена
2025-09-20 13:13:50 | handlers | DEBUG | -1003065205593 | Функция job_command() выполнена
2025-09-20 13:13:52 | handlers | DEBUG | -1003065205593 | Функция job_command() выполнена
2025-09-20 13:13:53 | handlers | DEBUG | -1003065205593 | Функция clicker_callback() выполнена
2025-09-20 13:13:54 | handlers | DEBUG | -1003065205593 | Функция clicker_callback() выполнена
2025-09-20 13:13:55 | handlers | DEBUG | -1003065205593 | Функция clicker_callback() выполнена
2025-09-20 13:13:56 | handlers | DEBUG | -1003065205593 | Функция clicker_callback() выполнена
2025-09-20 13:13:57 | handlers | DEBUG | -1003065205593 | Функция clicker_callback() выполнена
2025-09-20 13:13:58 | handlers | DEBUG | -1003065205593 | Функция clicker_callback() выполнена
2025-09-20 13:13:59 | handlers | DEBUG | -1003065205593 | Функция clicker_callback() выполнена
2025-09-20 13:14:03 | handlers | DEBUG | -1003065205593 | Функция clicker_callback() выполнена
2025-09-20 13:14:04 | handlers | DEBUG | -1003065205593 | Функция clicker_callback() выполнена
2025-09-20 13:14:04 | handlers | DEBUG | -1003065205593 | Функция clicker_callback() выполнена
2025-09-20 13:14:05 | handlers | DEBUG | -1003065205593 | Функция clicker_callback() выполнена
2025-09-20 13:14:06 | handlers | DEBUG | -1003065205593 | Функция clicker_callback() выполнена
2025-09-20 13:14:10 | handlers | DEBUG | -1003065205593 | Функция clicker_callback() выполнена
2025-09-20 13:14:11 | handlers | DEBUG | -1003065205593 | Функция clicker_callback() выполнена
2025-09-20 13:14:11 | handlers | DEBUG | -1003065205593 | Функция clicker_callback() выполнена
2025-09-20 13:14:12 | handlers | DEBUG | -1003065205593 | Функция clicker_callback() выполнена
2025-09-20 13:14:23 | handlers | DEBUG | -1003065205593 | Функция job_command() выполнена
2025-09-22 10:56:45 | handlers | DEBUG | -1003065205593 | Функция me_command() выполнена
2025-09-22 10:56:58 | handlers | DEBUG | -1003065205593 | Функция prof_command() выполнена
2025-09-22 11:01:42 | handlers | DEBUG | -1003065205593 | Функция prof_command() выполнена
2025-09-22 11:02:17 | handlers | DEBUG | -1003065205593 | Функция prof_command() выполнена
2025-09-22 11:02:31 | handlers | DEBUG | -1003065205593 | Функция prof_command() выполнена
2025-09-22 11:02:40 | handlers | DEBUG | -1003065205593 | 1 | Выбрана профессия: Знахарь
2025-09-22 11:02:40 | handlers | DEBUG | -1003065205593 | Функция select_prof_callback() выполнена
2025-09-22 11:04:08 | handlers | DEBUG | -1003065205593 | Функция prof_command() выполнена
2025-09-22 11:04:46 | handlers | DEBUG | -1003065205593 | Функция prof_command() выполнена
2025-09-22 11:04:58 | handlers | DEBUG | -1003065205593 | Функция prof_command() выполнена
2025-09-22 11:08:13 | handlers | DEBUG | -1003065205593 | Функция prof_command() выполнена
2025-09-22 11:09:27 | handlers | DEBUG | -1003065205593 | Функция prof_command() выполнена
2025-09-22 11:21:11 | handlers | DEBUG | -1003065205593 | Функция prof_command() выполнена
2025-09-22 12:35:39 | handlers | DEBUG | -1003065205593 | 1 | Выбрана профессия: Знахарь
2025-09-22 12:35:39 | handlers | DEBUG | -1003065205593 | Функция select_prof_callback() выполнена
2025-09-22 14:02:34 | handlers | DEBUG | -1003065205593 | Функция me_command() выполнена
2025-09-22 14:02:51 | handlers | DEBUG | -1003065205593 | Функция prof_command() выполнена
2025-09-22 14:02:53 | handlers | DEBUG | -1003065205593 | 1 | 💼 Выбрана профессия: Знахарь
2025-09-22 14:02:53 | handlers | DEBUG | -1003065205593 | Функция select_prof_callback() выполнена
2025-09-22 14:02:55 | handlers | DEBUG | -1003065205593 | Функция prof_command() выполнена
2025-09-22 14:03:21 | handlers | DEBUG | -1003065205593 | Функция work_command() выполнена
2025-09-22 14:03:23 | handlers | DEBUG | -1003065205593 | Функция hitter_callback() выполнена
2025-09-22 14:03:25 | handlers | DEBUG | -1003065205593 | Функция hitter_callback() выполнена
2025-09-22 14:03:26 | handlers | DEBUG | -1003065205593 | Функция hitter_callback() выполнена
2025-09-22 14:03:27 | handlers | DEBUG | -1003065205593 | Функция hitter_callback() выполнена
2025-09-22 14:03:34 | handlers | DEBUG | -1003065205593 | Функция work_command() выполнена
2025-09-22 14:14:34 | handlers | DEBUG | -1003065205593 | Функция prof_command() выполнена
2025-09-22 14:14:43 | handlers | DEBUG | -1003065205593 | 1 | 💼 Выбрана профессия: Знахарь
2025-09-22 14:14:43 | handlers | DEBUG | -1003065205593 | Функция select_prof_callback() выполнена
2025-09-22 14:14:45 | handlers | DEBUG | -1003065205593 | Функция prof_command() выполнена
2025-09-22 14:14:47 | handlers | DEBUG | -1003065205593 | Функция work_command() выполнена
2025-09-22 14:14:55 | handlers | DEBUG | -1003065205593 | Функция hitter_callback() выполнена
2025-09-22 14:15:02 | handlers | DEBUG | -1003065205593 | Функция hitter_callback() выполнена
2025-09-22 14:15:03 | handlers | DEBUG | -1003065205593 | Функция hitter_callback() выполнена
2025-09-22 14:15:06 | handlers | DEBUG | -1003065205593 | Функция hitter_callback() выполнена
2025-09-22 14:24:36 | handlers | DEBUG | -1003065205593 | Функция me_command() выполнена
2025-09-22 14:24:42 | handlers | DEBUG | -1003065205593 | Функция overtime_command() выполнена
2025-09-22 14:24:49 | handlers | DEBUG | -1003065205593 | Функция start_command() выполнена
2025-09-22 14:24:53 | handlers | DEBUG | -1003065205593 | Функция me_command() выполнена
2025-09-22 14:25:00 | handlers | DEBUG | -1003065205593 | Функция cosmetics_command() выполнена
2025-09-22 14:25:01 | handlers | DEBUG | -1003065205593 | 2 | ✅ Эмодзи изменен: 👨‍🌾
2025-09-22 14:25:02 | handlers | DEBUG | -1003065205593 | Функция cosmetics_select() выполнена
2025-09-22 14:25:02 | handlers | DEBUG | -1003065205593 | 2 | ✅ Эмодзи изменен: 🧑‍🌾
2025-09-22 14:25:03 | handlers | DEBUG | -1003065205593 | Функция cosmetics_select() выполнена
2025-09-22 14:25:18 | handlers | DEBUG | -1003065205593 | Функция prof_command() выполнена
2025-09-22 14:25:44 | handlers | DEBUG | -1003065205593 | 2 | 💼 Выбрана профессия: Знахарь
2025-09-22 14:25:44 | handlers | DEBUG | -1003065205593 | Функция select_prof_callback() выполнена
2025-09-22 14:25:48 | handlers | DEBUG | -1003065205593 | Функция work_command() выполнена
2025-09-22 14:27:13 | handlers | DEBUG | -1003065205593 | Функция prof_command() выполнена
2025-09-22 14:27:15 | handlers | DEBUG | -1003065205593 | 1 | 💼 Выбрана профессия: Знахарь
2025-09-22 14:27:15 | handlers | DEBUG | -1003065205593 | Функция select_prof_callback() выполнена
2025-09-22 14:27:16 | handlers | DEBUG | -1003065205593 | Функция work_command() выполнена
2025-09-22 14:27:17 | handlers | DEBUG | -1003065205593 | 1 | 🎯 Попадание! 1/4
2025-09-22 14:27:17 | handlers | DEBUG | -1003065205593 | Функция hitter_callback() выполнена
2025-09-22 14:27:18 | handlers | DEBUG | -1003065205593 | 1 | 🎯 Попадание! 2/4
2025-09-22 14:27:18 | handlers | DEBUG | -1003065205593 | Функция hitter_callback() выполнена
2025-09-22 14:27:19 | handlers | DEBUG | -1003065205593 | 1 | 🎯 Попадание! 3/4
2025-09-22 14:27:19 | handlers | DEBUG | -1003065205593 | Функция hitter_callback() выполнена
2025-09-22 14:27:20 | handlers | DEBUG | -1003065205593 | 1 | 💼 Работа завершена!
2025-09-22 14:27:20 | handlers | DEBUG | -1003065205593 | Функция hitter_callback() выполнена
2025-09-22 14:27:38 | handlers | DEBUG | -1003065205593 | Функция prof_command() выполнена
2025-09-22 14:27:39 | handlers | DEBUG | -1003065205593 | 2 | 💼 Выбрана профессия: Знахарь
2025-09-22 14:27:39 | handlers | DEBUG | -1003065205593 | Функция select_prof_callback() выполнена
2025-09-22 14:27:42 | handlers | DEBUG | -1003065205593 | Функция prof_command() выполнена
2025-09-22 14:27:47 | handlers | DEBUG | -1003065205593 | Функция work_command() выполнена
2025-09-22 14:32:54 | handlers | DEBUG | -1003065205593 | Функция prof_command() выполнена
2025-09-22 14:32:55 | handlers | DEBUG | -1003065205593 | 1 | 💼 Выбрана профессия: Знахарь
2025-09-22 14:32:55 | handlers | DEBUG | -1003065205593 | Функция select_prof_callback() выполнена
2025-09-22 14:32:56 | handlers | DEBUG | -1003065205593 | Функция work_command() выполнена
2025-09-22 14:32:57 | handlers | DEBUG | -1003065205593 | 1 | 🎯 Попадание! 1/4
2025-09-22 14:32:57 | handlers | DEBUG | -1003065205593 | Функция hitter_callback() выполнена
2025-09-22 14:32:58 | handlers | DEBUG | -1003065205593 | 1 | 🎯 Попадание! 2/4
2025-09-22 14:32:58 | handlers | DEBUG | -1003065205593 | Функция hitter_callback() выполнена
2025-09-22 14:32:59 | handlers | DEBUG | -1003065205593 | 1 | 🎯 Попадание! 3/4
2025-09-22 14:32:59 | handlers | DEBUG | -1003065205593 | Функция hitter_callback() выполнена
2025-09-22 14:33:00 | handlers | DEBUG | -1003065205593 | 1 | 💼 Работа завершена!
2025-09-22 14:33:00 | handlers | DEBUG | -1003065205593 | Функция hitter_callback() выполнена
2025-09-22 14:33:17 | handlers | DEBUG | -1003065205593 | Функция prof_command() выполнена
2025-09-22 14:33:19 | handlers | DEBUG | -1003065205593 | 2 | 💼 Выбрана профессия: Знахарь
2025-09-22 14:33:19 | handlers | DEBUG | -1003065205593 | Функция select_prof_callback() выполнена
2025-09-22 14:33:21 | handlers | DEBUG | -1003065205593 | Функция work_command() выполнена
2025-09-22 14:33:23 | handlers | DEBUG | -1003065205593 | 2 | 🎯 Попадание! 1/4
2025-09-22 14:33:23 | handlers | DEBUG | -1003065205593 | Функция hitter_callback() выполнена
2025-09-22 14:33:23 | handlers | DEBUG | -1003065205593 | Функция prof_command() выполнена
2025-09-22 14:33:24 | handlers | DEBUG | -1003065205593 | 2 | 🎯 Попадание! 2/4
2025-09-22 14:33:24 | handlers | DEBUG | -1003065205593 | Функция hitter_callback() выполнена
2025-09-22 14:33:25 | handlers | DEBUG | -1003065205593 | 2 | 🎯 Попадание! 3/4
2025-09-22 14:33:25 | handlers | DEBUG | -1003065205593 | Функция hitter_callback() выполнена
2025-09-22 14:33:26 | handlers | DEBUG | -1003065205593 | 2 | 💀 Промах!
2025-09-22 14:33:26 | handlers | DEBUG | -1003065205593 | Функция hitter_callback() выполнена
2025-09-22 14:33:26 | handlers | DEBUG | -1003065205593 | 3 | 💼 Выбрана профессия: Знахарь
2025-09-22 14:33:26 | handlers | DEBUG | -1003065205593 | Функция select_prof_callback() выполнена
2025-09-22 14:33:33 | handlers | DEBUG | -1003065205593 | Функция work_command() выполнена
2025-09-22 14:33:35 | handlers | DEBUG | -1003065205593 | 3 | 🎯 Попадание! 1/4
2025-09-22 14:33:35 | handlers | DEBUG | -1003065205593 | Функция hitter_callback() выполнена
2025-09-22 14:33:36 | handlers | DEBUG | -1003065205593 | 3 | 🎯 Попадание! 2/4
2025-09-22 14:33:36 | handlers | DEBUG | -1003065205593 | Функция hitter_callback() выполнена
2025-09-22 14:33:37 | handlers | DEBUG | -1003065205593 | 3 | 🎯 Попадание! 3/4
2025-09-22 14:33:37 | handlers | DEBUG | -1003065205593 | Функция hitter_callback() выполнена
2025-09-22 14:33:38 | handlers | DEBUG | -1003065205593 | 3 | 💼 Работа завершена!
2025-09-22 14:33:38 | handlers | DEBUG | -1003065205593 | Функция hitter_callback() выполнена
2025-09-22 14:34:09 | handlers | DEBUG | -1003065205593 | Функция work_command() выполнена
2025-09-22 14:34:11 | handlers | DEBUG | -1003065205593 | 2 | 💀 Промах!
2025-09-22 14:34:11 | handlers | DEBUG | -1003065205593 | Функция hitter_callback() выполнена
2025-09-22 14:34:13 | handlers | DEBUG | -1003065205593 | Функция work_command() выполнена
2025-09-22 14:47:35 | handlers | DEBUG | -1003065205593 | Функция work_command() выполнена
2025-09-22 14:47:37 | handlers | DEBUG | -1003065205593 | 2 | 🎯 Попадание! 1/4
2025-09-22 14:47:37 | handlers | DEBUG | -1003065205593 | Функция hitter_callback() выполнена
2025-09-22 14:47:39 | handlers | DEBUG | -1003065205593 | Функция work_command() выполнена
2025-09-22 14:47:40 | handlers | DEBUG | -1003065205593 | 2 | 🎯 Попадание! 1/4
2025-09-22 14:47:40 | handlers | DEBUG | -1003065205593 | Функция hitter_callback() выполнена
2025-09-22 14:47:43 | handlers | DEBUG | -1003065205593 | 2 | 🎯 Попадание! 2/4
2025-09-22 14:47:43 | handlers | DEBUG | -1003065205593 | Функция hitter_callback() выполнена
2025-09-22 14:47:45 | handlers | DEBUG | -1003065205593 | 2 | 🎯 Попадание! 3/4
2025-09-22 14:47:45 | handlers | DEBUG | -1003065205593 | Функция hitter_callback() выполнена
2025-09-22 14:47:46 | handlers | DEBUG | -1003065205593 | 2 | 💀 Промах!
2025-09-22 14:47:46 | handlers | DEBUG | -1003065205593 | Функция hitter_callback() выполнена
2025-09-22 15:41:04 | handlers | DEBUG | -1003065205593 | Функция prof_command() выполнена
2025-09-22 15:41:05 | handlers | DEBUG | -1003065205593 | 1 | 💼 Выбрана профессия: Знахарь
2025-09-22 15:41:05 | handlers | DEBUG | -1003065205593 | Функция select_prof_callback() выполнена
2025-09-22 15:41:07 | handlers | DEBUG | -1003065205593 | Функция prof_command() выполнена
2025-09-22 15:41:10 | handlers | DEBUG | -1003065205593 | Функция prof_command() выполнена
2025-09-22 15:41:10 | handlers | DEBUG | -1003065205593 | Функция prof_command() выполнена
2025-09-22 15:41:11 | handlers | DEBUG | -1003065205593 | Функция prof_command() выполнена
2025-09-22 15:41:11 | handlers | DEBUG | -1003065205593 | Функция prof_command() выполнена
2025-09-22 15:41:11 | handlers | DEBUG | -1003065205593 | Функция prof_command() выполнена
2025-09-22 15:41:11 | handlers | DEBUG | -1003065205593 | Функция prof_command() выполнена
2025-09-22 15:41:12 | handlers | DEBUG | -1003065205593 | Функция prof_command() выполнена
2025-09-22 15:41:12 | handlers | DEBUG | -1003065205593 | Функция prof_command() выполнена
2025-09-22 15:41:12 | handlers | DEBUG | -1003065205593 | Функция prof_command() выполнена
2025-09-22 15:41:13 | handlers | DEBUG | -1003065205593 | Функция prof_command() выполнена
2025-09-22 15:42:11 | handlers | DEBUG | -1003065205593 | Функция prof_command() выполнена
2025-09-22 15:44:35 | handlers | DEBUG | -1003065205593 | Функция prof_command() выполнена
2025-09-22 15:44:36 | handlers | DEBUG | -1003065205593 | 2 | 💼 Выбрана профессия: Знахарь
2025-09-22 15:44:36 | handlers | DEBUG | -1003065205593 | Функция select_prof_callback() выполнена
2025-09-22 15:55:03 | handlers | DEBUG | -1003065205593 | Функция prof_command() выполнена
2025-09-22 15:55:05 | handlers | DEBUG | -1003065205593 | 1 | 💼 Выбрана профессия: Знахарь
2025-09-22 15:55:05 | handlers | DEBUG | -1003065205593 | Функция select_prof_callback() выполнена
2025-09-22 15:55:25 | handlers | DEBUG | -1003065205593 | 1 | 🌾 Собрано...
2025-09-22 15:55:25 | handlers | DEBUG | -1003065205593 | Функция harvest_callback() выполнена
2025-09-22 15:55:26 | handlers | DEBUG | -1003065205593 | 1 | 🌾 Собрано...
2025-09-22 15:55:26 | handlers | DEBUG | -1003065205593 | Функция harvest_callback() выполнена
2025-09-22 15:55:26 | handlers | DEBUG | -1003065205593 | 1 | 🌾 Собрано...
2025-09-22 15:55:26 | handlers | DEBUG | -1003065205593 | Функция harvest_callback() выполнена
2025-09-22 15:55:27 | handlers | DEBUG | -1003065205593 | 1 | 🌾 Собрано...
2025-09-22 15:55:27 | handlers | DEBUG | -1003065205593 | Функция harvest_callback() выполнена
2025-09-22 15:55:31 | handlers | DEBUG | -1003065205593 | 1 | 🌾 Собрано...
2025-09-22 15:55:31 | handlers | DEBUG | -1003065205593 | Функция harvest_callback() выполнена
2025-09-22 15:55:31 | handlers | DEBUG | -1003065205593 | 1 | 🌾 Собрано...
2025-09-22 15:55:32 | handlers | DEBUG | -1003065205593 | Функция harvest_callback() выполнена
2025-09-22 15:55:32 | handlers | DEBUG | -1003065205593 | 1 | 🌾 Собрано...
2025-09-22 15:55:32 | handlers | DEBUG | -1003065205593 | Функция harvest_callback() выполнена
2025-09-22 15:55:33 | handlers | DEBUG | -1003065205593 | 1 | 🌾 Собрано...
2025-09-22 15:55:33 | handlers | DEBUG | -1003065205593 | Функция harvest_callback() выполнена
2025-09-22 15:55:33 | handlers | DEBUG | -1003065205593 | 1 | 🌾 Собрано...
2025-09-22 15:55:33 | handlers | DEBUG | -1003065205593 | Функция harvest_callback() выполнена
2025-09-22 15:55:37 | handlers | DEBUG | -1003065205593 | 1 | 🌾 Собрано...
2025-09-22 15:55:37 | handlers | DEBUG | -1003065205593 | Функция harvest_callback() выполнена
2025-09-22 15:55:39 | handlers | DEBUG | -1003065205593 | 1 | 🌾 Собрано...
2025-09-22 15:55:39 | handlers | DEBUG | -1003065205593 | Функция harvest_callback() выполнена
2025-09-22 15:55:39 | handlers | DEBUG | -1003065205593 | 1 | 🌾 Собрано...
2025-09-22 15:55:39 | handlers | DEBUG | -1003065205593 | Функция harvest_callback() выполнена
2025-09-22 15:55:40 | handlers | DEBUG | -1003065205593 | 1 | 🌾 Собрано...
2025-09-22 15:55:40 | handlers | DEBUG | -1003065205593 | Функция harvest_callback() выполнена
2025-09-22 15:55:41 | handlers | DEBUG | -1003065205593 | 1 | 🌾 Собрано...
2025-09-22 15:55:41 | handlers | DEBUG | -1003065205593 | Функция harvest_callback() выполнена
2025-09-22 15:55:43 | handlers | DEBUG | -1003065205593 | 1 | 🌾 Собрано...
2025-09-22 15:55:43 | handlers | DEBUG | -1003065205593 | Функция harvest_callback() выполнена
2025-09-22 15:55:45 | handlers | DEBUG | -1003065205593 | 1 | 💼 Работа завершена!
2025-09-22 15:55:45 | handlers | DEBUG | -1003065205593 | Функция harvest_callback() выполнена
2025-09-22 16:02:29 | handlers | DEBUG | -1003065205593 | Функция prof_command() выполнена
2025-09-22 16:02:30 | handlers | DEBUG | -1003065205593 | 1 | 💼 Выбрана профессия: Знахарь
2025-09-22 16:02:30 | handlers | DEBUG | -1003065205593 | Функция select_prof_callback() выполнена
2025-09-22 16:02:34 | handlers | DEBUG | -1003065205593 | 1 | 🌾 Собрано...
2025-09-22 16:02:34 | handlers | DEBUG | -1003065205593 | Функция harvest_callback() выполнена
2025-09-22 16:02:34 | handlers | DEBUG | -1003065205593 | 1 | 🌾 Собрано...
2025-09-22 16:02:35 | handlers | DEBUG | -1003065205593 | Функция harvest_callback() выполнена
2025-09-22 16:02:35 | handlers | DEBUG | -1003065205593 | 1 | 🌾 Собрано...
2025-09-22 16:02:35 | handlers | DEBUG | -1003065205593 | Функция harvest_callback() выполнена
2025-09-22 16:02:35 | handlers | DEBUG | -1003065205593 | 1 | 🌾 Собрано...
2025-09-22 16:02:36 | handlers | DEBUG | -1003065205593 | Функция harvest_callback() выполнена
2025-09-22 16:02:36 | handlers | DEBUG | -1003065205593 | 1 | 🌾 Собрано...
2025-09-22 16:02:36 | handlers | DEBUG | -1003065205593 | Функция harvest_callback() выполнена
2025-09-22 16:02:40 | handlers | DEBUG | -1003065205593 | 1 | 🌾 Собрано...
2025-09-22 16:02:40 | handlers | DEBUG | -1003065205593 | Функция harvest_callback() выполнена
2025-09-22 16:02:42 | handlers | DEBUG | -1003065205593 | 1 | 🌾 Собрано...
2025-09-22 16:02:42 | handlers | DEBUG | -1003065205593 | Функция harvest_callback() выполнена
2025-09-22 16:02:43 | handlers | DEBUG | -1003065205593 | 1 | 🌾 Собрано...
2025-09-22 16:02:43 | handlers | DEBUG | -1003065205593 | Функция harvest_callback() выполнена
2025-09-22 16:02:44 | handlers | DEBUG | -1003065205593 | 1 | 🌾 Собрано...
2025-09-22 16:02:44 | handlers | DEBUG | -1003065205593 | Функция harvest_callback() выполнена
2025-09-22 16:02:44 | handlers | DEBUG | -1003065205593 | 1 | 🌾 Собрано...
2025-09-22 16:02:44 | handlers | DEBUG | -1003065205593 | Функция harvest_callback() выполнена
2025-09-22 16:02:48 | handlers | DEBUG | -1003065205593 | 1 | 🌾 Собрано...
2025-09-22 16:02:48 | handlers | DEBUG | -1003065205593 | Функция harvest_callback() выполнена
2025-09-22 16:02:50 | handlers | DEBUG | -1003065205593 | 1 | 🌾 Собрано...
2025-09-22 16:02:50 | handlers | DEBUG | -1003065205593 | Функция harvest_callback() выполнена
2025-09-22 16:02:50 | handlers | DEBUG | -1003065205593 | 1 | 🌾 Собрано...
2025-09-22 16:02:50 | handlers | DEBUG | -1003065205593 | Функция harvest_callback() выполнена
2025-09-22 16:02:51 | handlers | DEBUG | -1003065205593 | 1 | 🌾 Собрано...
2025-09-22 16:02:51 | handlers | DEBUG | -1003065205593 | Функция harvest_callback() выполнена
2025-09-22 16:02:52 | handlers | DEBUG | -1003065205593 | 1 | 🌾 Собрано...
2025-09-22 16:02:52 | handlers | DEBUG | -1003065205593 | Функция harvest_callback() выполнена
2025-09-22 16:02:55 | handlers | DEBUG | -1003065205593 | 1 | 💼 Работа завершена!
2025-09-22 16:02:56 | handlers | DEBUG | -1003065205593 | Функция harvest_callback() выполнена
2025-09-22 16:10:02 | handlers | DEBUG | -1003065205593 | Функция prof_command() выполнена
2025-09-22 16:10:04 | handlers | DEBUG | -1003065205593 | 1 | 💼 Выбрана профессия: Знахарь
2025-09-22 16:10:04 | handlers | DEBUG | -1003065205593 | Функция select_prof_callback() выполнена
2025-09-22 16:10:09 | handlers | DEBUG | -1003065205593 | 1 | 🌾 Собрано...
2025-09-22 16:10:09 | handlers | DEBUG | -1003065205593 | Функция harvest_callback() выполнена
2025-09-22 16:10:09 | handlers | DEBUG | -1003065205593 | 1 | 🌾 Собрано...
2025-09-22 16:10:09 | handlers | DEBUG | -1003065205593 | Функция harvest_callback() выполнена
2025-09-22 16:10:09 | handlers | DEBUG | -1003065205593 | 1 | 🌾 Собрано...
2025-09-22 16:10:10 | handlers | DEBUG | -1003065205593 | Функция harvest_callback() выполнена
2025-09-22 16:10:10 | handlers | DEBUG | -1003065205593 | 1 | 🌾 Собрано...
2025-09-22 16:10:10 | handlers | DEBUG | -1003065205593 | Функция harvest_callback() выполнена
2025-09-22 16:10:11 | handlers | DEBUG | -1003065205593 | 1 | 🌾 Собрано...
2025-09-22 16:10:11 | handlers | DEBUG | -1003065205593 | Функция harvest_callback() выполнена
2025-09-22 16:10:14 | handlers | DEBUG | -1003065205593 | 1 | 🌾 Собрано...
2025-09-22 16:10:14 | handlers | DEBUG | -1003065205593 | Функция harvest_callback() выполнена
2025-09-22 16:10:14 | handlers | DEBUG | -1003065205593 | 1 | 🌾 Собрано...
2025-09-22 16:10:15 | handlers | DEBUG | -1003065205593 | Функция harvest_callback() выполнена
2025-09-22 16:10:15 | handlers | DEBUG | -1003065205593 | 1 | 🌾 Собрано...
2025-09-22 16:10:15 | handlers | DEBUG | -1003065205593 | Функция harvest_callback() выполнена
2025-09-22 16:10:15 | handlers | DEBUG | -1003065205593 | 1 | 🌾 Собрано...
2025-09-22 16:10:15 | handlers | DEBUG | -1003065205593 | Функция harvest_callback() выполнена
2025-09-22 16:10:16 | handlers | DEBUG | -1003065205593 | 1 | 🌾 Собрано...
2025-09-22 16:10:16 | handlers | DEBUG | -1003065205593 | Функция harvest_callback() выполнена
2025-09-22 16:10:22 | handlers | DEBUG | -1003065205593 | 1 | 🌾 Собрано...
2025-09-22 16:10:22 | handlers | DEBUG | -1003065205593 | 1 | 🌾 Собрано...
2025-09-22 16:10:22 | handlers | DEBUG | -1003065205593 | Функция harvest_callback() выполнена
2025-09-22 16:10:22 | handlers | DEBUG | -1003065205593 | Функция harvest_callback() выполнена
2025-09-22 16:10:27 | handlers | DEBUG | -1003065205593 | 1 | 🌾 Собрано...
2025-09-22 16:10:27 | handlers | DEBUG | -1003065205593 | 1 | 🌾 Собрано...
2025-09-22 16:10:27 | handlers | DEBUG | -1003065205593 | 1 | 🌾 Собрано...
2025-09-22 16:10:27 | handlers | DEBUG | -1003065205593 | Функция harvest_callback() выполнена
2025-09-22 16:10:27 | handlers | DEBUG | -1003065205593 | Функция harvest_callback() выполнена
2025-09-22 16:10:27 | handlers | DEBUG | -1003065205593 | Функция harvest_callback() выполнена
2025-09-22 16:11:20 | handlers | DEBUG | -1003065205593 | 1 | 🌾 Собрано...
2025-09-22 16:11:20 | handlers | DEBUG | -1003065205593 | Функция harvest_callback() выполнена
2025-09-22 16:11:22 | handlers | DEBUG | -1003065205593 | 1 | 🌾 Собрано...
2025-09-22 16:11:22 | handlers | DEBUG | -1003065205593 | Функция harvest_callback() выполнена
2025-09-22 16:11:23 | handlers | DEBUG | -1003065205593 | 1 | 🌾 Собрано...
2025-09-22 16:11:23 | handlers | DEBUG | -1003065205593 | Функция harvest_callback() выполнена
2025-09-22 16:11:23 | handlers | DEBUG | -1003065205593 | 1 | 🌾 Собрано...
2025-09-22 16:11:24 | handlers | DEBUG | -1003065205593 | Функция harvest_callback() выполнена
2025-09-22 16:11:26 | handlers | DEBUG | -1003065205593 | 1 | 🌾 Собрано...
2025-09-22 16:11:26 | handlers | DEBUG | -1003065205593 | Функция harvest_callback() выполнена
2025-09-22 16:11:27 | handlers | DEBUG | -1003065205593 | 1 | 🌾 Собрано...
2025-09-22 16:11:27 | handlers | DEBUG | -1003065205593 | Функция harvest_callback() выполнена
2025-09-22 16:11:29 | handlers | DEBUG | -1003065205593 | 1 | 🌾 Собрано...
2025-09-22 16:11:29 | handlers | DEBUG | -1003065205593 | Функция harvest_callback() выполнена
2025-09-22 16:11:30 | handlers | DEBUG | -1003065205593 | 1 | 🌾 Собрано...
2025-09-22 16:11:31 | handlers | DEBUG | -1003065205593 | Функция harvest_callback() выполнена
2025-09-22 16:11:32 | handlers | DEBUG | -1003065205593 | 1 | 🌾 Собрано...
2025-09-22 16:11:32 | handlers | DEBUG | -1003065205593 | Функция harvest_callback() выполнена
2025-09-22 16:11:33 | handlers | DEBUG | -1003065205593 | 1 | 🌾 Собрано...
2025-09-22 16:11:33 | handlers | DEBUG | -1003065205593 | Функция harvest_callback() выполнена
2025-09-22 16:11:34 | handlers | DEBUG | -1003065205593 | 1 | 🌾 Собрано...
2025-09-22 16:11:34 | handlers | DEBUG | -1003065205593 | Функция harvest_callback() выполнена
2025-09-22 16:11:35 | handlers | DEBUG | -1003065205593 | 1 | 🌾 Собрано...
2025-09-22 16:11:35 | handlers | DEBUG | -1003065205593 | Функция harvest_callback() выполнена
2025-09-22 16:11:36 | handlers | DEBUG | -1003065205593 | 1 | 🌾 Собрано...
2025-09-22 16:11:36 | handlers | DEBUG | -1003065205593 | Функция harvest_callback() выполнена
2025-09-22 16:11:37 | handlers | DEBUG | -1003065205593 | 1 | 🌾 Собрано...
2025-09-22 16:11:37 | handlers | DEBUG | -1003065205593 | Функция harvest_callback() выполнена
2025-09-22 16:11:38 | handlers | DEBUG | -1003065205593 | 1 | 🌾 Собрано...
2025-09-22 16:11:38 | handlers | DEBUG | -1003065205593 | Функция harvest_callback() выполнена
2025-09-22 16:11:39 | handlers | DEBUG | -1003065205593 | 1 | 💼 Работа завершена!
2025-09-22 16:11:39 | handlers | DEBUG | -1003065205593 | Функция harvest_callback() выполнена
2025-09-22 16:12:11 | handlers | DEBUG | -1003065205593 | 1 | 🌾 Собрано...
2025-09-22 16:12:11 | handlers | DEBUG | -1003065205593 | Функция harvest_callback() выполнена
2025-09-22 16:12:12 | handlers | DEBUG | -1003065205593 | 1 | 🌾 Собрано...
2025-09-22 16:12:12 | handlers | DEBUG | -1003065205593 | Функция harvest_callback() выполнена
2025-09-22 16:12:13 | handlers | DEBUG | -1003065205593 | 1 | 🌾 Собрано...
2025-09-22 16:12:13 | handlers | DEBUG | -1003065205593 | Функция harvest_callback() выполнена
2025-09-22 16:12:20 | handlers | DEBUG | -1003065205593 | 1 | 🌾 Собрано...
2025-09-22 16:12:20 | handlers | DEBUG | -1003065205593 | 1 | 🌾 Собрано...
2025-09-22 16:12:20 | handlers | DEBUG | -1003065205593 | Функция harvest_callback() выполнена
2025-09-22 16:12:20 | handlers | DEBUG | -1003065205593 | Функция harvest_callback() выполнена
2025-09-22 16:12:23 | handlers | DEBUG | -1003065205593 | 1 | 🌾 Собрано...
2025-09-22 16:12:23 | handlers | DEBUG | -1003065205593 | Функция harvest_callback() выполнена
2025-09-22 16:12:25 | handlers | DEBUG | -1003065205593 | 1 | 🌾 Собрано...
2025-09-22 16:12:25 | handlers | DEBUG | -1003065205593 | Функция harvest_callback() выполнена
2025-09-22 16:12:26 | handlers | DEBUG | -1003065205593 | 1 | 🌾 Собрано...
2025-09-22 16:12:26 | handlers | DEBUG | -1003065205593 | Функция harvest_callback() выполнена
2025-09-22 16:12:27 | handlers | DEBUG | -1003065205593 | 1 | 🌾 Собрано...
2025-09-22 16:12:28 | handlers | DEBUG | -1003065205593 | Функция harvest_callback() выполнена
2025-09-22 16:12:29 | handlers | DEBUG | -1003065205593 | 1 | 🌾 Собрано...
2025-09-22 16:12:29 | handlers | DEBUG | -1003065205593 | Функция harvest_callback() выполнена
2025-09-22 16:12:30 | handlers | DEBUG | -1003065205593 | 1 | 🌾 Собрано...
2025-09-22 16:12:31 | handlers | DEBUG | -1003065205593 | Функция harvest_callback() выполнена
2025-09-22 16:12:32 | handlers | DEBUG | -1003065205593 | 1 | 🌾 Собрано...
2025-09-22 16:12:32 | handlers | DEBUG | -1003065205593 | Функция harvest_callback() выполнена
2025-09-22 16:12:33 | handlers | DEBUG | -1003065205593 | 1 | 🌾 Собрано...
2025-09-22 16:12:33 | handlers | DEBUG | -1003065205593 | Функция harvest_callback() выполнена
2025-09-22 16:12:34 | handlers | DEBUG | -1003065205593 | 1 | 🌾 Собрано...
2025-09-22 16:12:34 | handlers | DEBUG | -1003065205593 | Функция harvest_callback() выполнена
2025-09-22 16:12:35 | handlers | DEBUG | -1003065205593 | 1 | 🌾 Собрано...
2025-09-22 16:12:35 | handlers | DEBUG | -1003065205593 | Функция harvest_callback() выполнена
2025-09-22 16:12:37 | handlers | DEBUG | -1003065205593 | 1 | 💼 Работа завершена!
2025-09-22 16:12:37 | handlers | DEBUG | -1003065205593 | Функция harvest_callback() выполнена
2025-09-22 16:12:59 | handlers | DEBUG | -1003065205593 | Функция prof_command() выполнена
2025-09-22 16:13:00 | handlers | DEBUG | -1003065205593 | 2 | 💼 Выбрана профессия: Знахарь
2025-09-22 16:13:00 | handlers | DEBUG | -1003065205593 | Функция select_prof_callback() выполнена
2025-09-22 16:13:04 | handlers | DEBUG | -1003065205593 | 2 | 🌾 Собрано...
2025-09-22 16:13:04 | handlers | DEBUG | -1003065205593 | Функция harvest_callback() выполнена
2025-09-22 16:13:05 | handlers | DEBUG | -1003065205593 | 2 | 🌾 Собрано...
2025-09-22 16:13:05 | handlers | DEBUG | -1003065205593 | Функция harvest_callback() выполнена
2025-09-22 16:13:06 | handlers | DEBUG | -1003065205593 | 2 | 🌾 Собрано...
2025-09-22 16:13:06 | handlers | DEBUG | -1003065205593 | Функция harvest_callback() выполнена
2025-09-22 16:13:07 | handlers | DEBUG | -1003065205593 | 2 | 🌾 Собрано...
2025-09-22 16:13:07 | handlers | DEBUG | -1003065205593 | Функция harvest_callback() выполнена
2025-09-22 16:13:08 | handlers | DEBUG | -1003065205593 | 2 | 🌾 Собрано...
2025-09-22 16:13:08 | handlers | DEBUG | -1003065205593 | Функция harvest_callback() выполнена
2025-09-22 16:13:09 | handlers | DEBUG | -1003065205593 | 2 | 🌾 Собрано...
2025-09-22 16:13:09 | handlers | DEBUG | -1003065205593 | Функция harvest_callback() выполнена
2025-09-22 16:13:32 | handlers | DEBUG | -1003065205593 | 2 | 🌾 Собрано...
2025-09-22 16:13:32 | handlers | DEBUG | -1003065205593 | Функция harvest_callback() выполнена
2025-09-22 16:13:34 | handlers | DEBUG | -1003065205593 | 2 | 🌾 Собрано...
2025-09-22 16:13:34 | handlers | DEBUG | -1003065205593 | Функция harvest_callback() выполнена
2025-09-22 16:13:35 | handlers | DEBUG | -1003065205593 | 2 | 🌾 Собрано...
2025-09-22 16:13:35 | handlers | DEBUG | -1003065205593 | Функция harvest_callback() выполнена
2025-09-22 16:13:36 | handlers | DEBUG | -1003065205593 | 2 | 🌾 Собрано...
2025-09-22 16:13:36 | handlers | DEBUG | -1003065205593 | Функция harvest_callback() выполнена
2025-09-22 16:13:38 | handlers | DEBUG | -1003065205593 | 2 | 🌾 Собрано...
2025-09-22 16:13:38 | handlers | DEBUG | -1003065205593 | Функция harvest_callback() выполнена
2025-09-22 16:13:39 | handlers | DEBUG | -1003065205593 | 2 | 🌾 Собрано...
2025-09-22 16:13:39 | handlers | DEBUG | -1003065205593 | Функция harvest_callback() выполнена
2025-09-22 16:13:40 | handlers | DEBUG | -1003065205593 | 2 | 🌾 Собрано...
2025-09-22 16:13:40 | handlers | DEBUG | -1003065205593 | Функция harvest_callback() выполнена
2025-09-22 16:13:41 | handlers | DEBUG | -1003065205593 | 2 | 🌾 Собрано...
2025-09-22 16:13:41 | handlers | DEBUG | -1003065205593 | Функция harvest_callback() выполнена
2025-09-22 16:13:42 | handlers | DEBUG | -1003065205593 | 2 | 🌾 Собрано...
2025-09-22 16:13:42 | handlers | DEBUG | -1003065205593 | Функция harvest_callback() выполнена
2025-09-22 16:13:44 | handlers | DEBUG | -1003065205593 | 2 | 💼 Работа завершена!
2025-09-22 16:13:44 | handlers | DEBUG | -1003065205593 | Функция harvest_callback() выполнена
2025-09-22 16:14:01 | handlers | DEBUG | -1003065205593 | Функция inventory_command() выполнена
2025-09-22 16:15:37 | handlers | DEBUG | -1003065205593 | 1 | 🌾 Собрано...
2025-09-22 16:15:37 | handlers | DEBUG | -1003065205593 | Функция harvest_callback() выполнена
2025-09-22 16:15:38 | handlers | DEBUG | -1003065205593 | 1 | 🌾 Собрано...
2025-09-22 16:15:38 | handlers | DEBUG | -1003065205593 | Функция harvest_callback() выполнена
2025-09-22 16:15:39 | handlers | DEBUG | -1003065205593 | 1 | 🌾 Собрано...
2025-09-22 16:15:39 | handlers | DEBUG | -1003065205593 | Функция harvest_callback() выполнена
2025-09-22 16:15:41 | handlers | DEBUG | -1003065205593 | 1 | 🌾 Собрано...
2025-09-22 16:15:41 | handlers | DEBUG | -1003065205593 | Функция harvest_callback() выполнена
2025-09-22 16:15:42 | handlers | DEBUG | -1003065205593 | 1 | 🌾 Собрано...
2025-09-22 16:15:42 | handlers | DEBUG | -1003065205593 | Функция harvest_callback() выполнена
2025-09-22 16:15:43 | handlers | DEBUG | -1003065205593 | 1 | 🌾 Собрано...
2025-09-22 16:15:43 | handlers | DEBUG | -1003065205593 | Функция harvest_callback() выполнена
2025-09-22 16:15:44 | handlers | DEBUG | -1003065205593 | 1 | 🌾 Собрано...
2025-09-22 16:15:44 | handlers | DEBUG | -1003065205593 | Функция harvest_callback() выполнена
2025-09-22 16:15:45 | handlers | DEBUG | -1003065205593 | 1 | 🌾 Собрано...
2025-09-22 16:15:45 | handlers | DEBUG | -1003065205593 | Функция harvest_callback() выполнена
2025-09-22 16:15:47 | handlers | DEBUG | -1003065205593 | 1 | 🌾 Собрано...
2025-09-22 16:15:47 | handlers | DEBUG | -1003065205593 | Функция harvest_callback() выполнена
2025-09-22 16:15:48 | handlers | DEBUG | -1003065205593 | 1 | 🌾 Собрано...
2025-09-22 16:15:48 | handlers | DEBUG | -1003065205593 | Функция harvest_callback() выполнена
2025-09-22 16:15:49 | handlers | DEBUG | -1003065205593 | 1 | 🌾 Собрано...
2025-09-22 16:15:49 | handlers | DEBUG | -1003065205593 | Функция harvest_callback() выполнена
2025-09-22 16:15:50 | handlers | DEBUG | -1003065205593 | 1 | 🌾 Собрано...
2025-09-22 16:15:50 | handlers | DEBUG | -1003065205593 | Функция harvest_callback() выполнена
2025-09-22 16:15:51 | handlers | DEBUG | -1003065205593 | 1 | 🌾 Собрано...
2025-09-22 16:15:51 | handlers | DEBUG | -1003065205593 | Функция harvest_callback() выполнена
2025-09-22 16:15:52 | handlers | DEBUG | -1003065205593 | 1 | 🌾 Собрано...
2025-09-22 16:15:52 | handlers | DEBUG | -1003065205593 | Функция harvest_callback() выполнена
2025-09-22 16:15:53 | handlers | DEBUG | -1003065205593 | 1 | 🌾 Собрано...
2025-09-22 16:15:53 | handlers | DEBUG | -1003065205593 | Функция harvest_callback() выполнена
2025-09-22 16:15:54 | handlers | DEBUG | -1003065205593 | 1 | 💼 Работа завершена!
2025-09-22 16:15:54 | handlers | DEBUG | -1003065205593 | Функция harvest_callback() выполнена
2025-09-22 16:16:04 | handlers | DEBUG | -1003065205593 | 1 | 🌾 Собрано...
2025-09-22 16:16:04 | handlers | DEBUG | -1003065205593 | Функция harvest_callback() выполнена
2025-09-22 16:16:05 | handlers | DEBUG | -1003065205593 | 1 | 🌾 Собрано...
2025-09-22 16:16:05 | handlers | DEBUG | -1003065205593 | Функция harvest_callback() выполнена
2025-09-22 16:16:06 | handlers | DEBUG | -1003065205593 | 1 | 🌾 Собрано...
2025-09-22 16:16:06 | handlers | DEBUG | -1003065205593 | Функция harvest_callback() выполнена
2025-09-22 16:24:26 | handlers | DEBUG | -1003065205593 | 1 | 🌾 Собрано...
2025-09-22 16:24:26 | handlers | DEBUG | -1003065205593 | Функция harvest_callback() выполнена
2025-09-22 16:24:27 | handlers | DEBUG | -1003065205593 | 1 | 🌾 Собрано...
2025-09-22 16:24:28 | handlers | DEBUG | -1003065205593 | Функция harvest_callback() выполнена
2025-09-22 16:24:28 | handlers | DEBUG | -1003065205593 | 1 | 🌾 Собрано...
2025-09-22 16:24:28 | handlers | DEBUG | -1003065205593 | Функция harvest_callback() выполнена
2025-09-22 16:24:29 | handlers | DEBUG | -1003065205593 | 1 | 🌾 Собрано...
2025-09-22 16:24:29 | handlers | DEBUG | -1003065205593 | Функция harvest_callback() выполнена
2025-09-22 16:24:30 | handlers | DEBUG | -1003065205593 | 1 | 🌾 Собрано...
2025-09-22 16:24:30 | handlers | DEBUG | -1003065205593 | Функция harvest_callback() выполнена
2025-09-22 16:24:34 | handlers | DEBUG | -1003065205593 | 1 | 🌾 Собрано...
2025-09-22 16:24:34 | handlers | DEBUG | -1003065205593 | Функция harvest_callback() выполнена
2025-09-22 16:24:35 | handlers | DEBUG | -1003065205593 | 1 | 🌾 Собрано...
2025-09-22 16:24:35 | handlers | DEBUG | -1003065205593 | Функция harvest_callback() выполнена
2025-09-22 16:24:36 | handlers | DEBUG | -1003065205593 | 1 | 🌾 Собрано...
2025-09-22 16:24:36 | handlers | DEBUG | -1003065205593 | Функция harvest_callback() выполнена
2025-09-22 16:24:37 | handlers | DEBUG | -1003065205593 | 1 | 🌾 Собрано...
2025-09-22 16:24:37 | handlers | DEBUG | -1003065205593 | Функция harvest_callback() выполнена
2025-09-22 16:24:38 | handlers | DEBUG | -1003065205593 | 1 | 🌾 Собрано...
2025-09-22 16:24:38 | handlers | DEBUG | -1003065205593 | Функция harvest_callback() выполнена
2025-09-22 16:24:39 | handlers | DEBUG | -1003065205593 | 1 | 🌾 Собрано...
2025-09-22 16:24:39 | handlers | DEBUG | -1003065205593 | Функция harvest_callback() выполнена
2025-09-22 16:24:40 | handlers | DEBUG | -1003065205593 | 1 | 🌾 Собрано...
2025-09-22 16:24:40 | handlers | DEBUG | -1003065205593 | Функция harvest_callback() выполнена
2025-09-22 16:24:41 | handlers | DEBUG | -1003065205593 | 1 | 💼 Работа завершена!
2025-09-22 16:24:41 | handlers | DEBUG | -1003065205593 | Функция harvest_callback() выполнена
2025-09-22 16:42:26 | handlers | DEBUG | -1003065205593 | Функция prof_command() выполнена
2025-09-22 16:42:28 | handlers | DEBUG | -1003065205593 | 1 | 💼 Выбрана профессия: Знахарь
2025-09-22 16:42:28 | handlers | DEBUG | -1003065205593 | Функция select_prof_callback() выполнена
2025-09-22 16:42:32 | handlers | DEBUG | -1003065205593 | 1 | 🌾 Собрано...
2025-09-22 16:42:32 | handlers | DEBUG | -1003065205593 | Функция harvest_callback() выполнена
2025-09-22 16:42:32 | handlers | DEBUG | -1003065205593 | 1 | 🌾 Собрано...
2025-09-22 16:42:32 | handlers | DEBUG | -1003065205593 | Функция harvest_callback() выполнена
2025-09-22 16:42:33 | handlers | DEBUG | -1003065205593 | 1 | 🌾 Собрано...
2025-09-22 16:42:33 | handlers | DEBUG | -1003065205593 | Функция harvest_callback() выполнена
2025-09-22 16:42:33 | handlers | DEBUG | -1003065205593 | 1 | 🌾 Собрано...
2025-09-22 16:42:33 | handlers | DEBUG | -1003065205593 | Функция harvest_callback() выполнена
2025-09-22 16:42:34 | handlers | DEBUG | -1003065205593 | 1 | 🌾 Собрано...
2025-09-22 16:42:34 | handlers | DEBUG | -1003065205593 | Функция harvest_callback() выполнена
2025-09-22 16:42:37 | handlers | DEBUG | -1003065205593 | 1 | 🌾 Собрано...
2025-09-22 16:42:37 | handlers | DEBUG | -1003065205593 | 1 | 🌾 Собрано...
2025-09-22 16:42:37 | handlers | DEBUG | -1003065205593 | Функция harvest_callback() выполнена
2025-09-22 16:42:38 | handlers | DEBUG | -1003065205593 | Функция harvest_callback() выполнена
2025-09-22 16:42:39 | handlers | DEBUG | -1003065205593 | 1 | 🌾 Собрано...
2025-09-22 16:42:39 | handlers | DEBUG | -1003065205593 | Функция harvest_callback() выполнена
2025-09-22 16:42:39 | handlers | DEBUG | -1003065205593 | 1 | 🌾 Собрано...
2025-09-22 16:42:39 | handlers | DEBUG | -1003065205593 | Функция harvest_callback() выполнена
2025-09-22 16:42:39 | handlers | DEBUG | -1003065205593 | 1 | 🌾 Собрано...
2025-09-22 16:42:39 | handlers | DEBUG | -1003065205593 | Функция harvest_callback() выполнена
2025-09-22 16:42:43 | handlers | DEBUG | -1003065205593 | 1 | 🌾 Собрано...
2025-09-22 16:42:43 | handlers | DEBUG | -1003065205593 | 1 | 🌾 Собрано...
2025-09-22 16:42:43 | handlers | DEBUG | -1003065205593 | Функция harvest_callback() выполнена
2025-09-22 16:42:43 | handlers | DEBUG | -1003065205593 | Функция harvest_callback() выполнена
2025-09-22 16:42:45 | handlers | DEBUG | -1003065205593 | 1 | 🌾 Собрано...
2025-09-22 16:42:45 | handlers | DEBUG | -1003065205593 | Функция harvest_callback() выполнена
2025-09-22 16:42:48 | handlers | DEBUG | -1003065205593 | 1 | 🌾 Собрано...
2025-09-22 16:42:49 | handlers | DEBUG | -1003065205593 | Функция harvest_callback() выполнена
2025-09-22 16:51:30 | handlers | DEBUG | -1003065205593 | 1 | 🌾 Собрано...
2025-09-22 16:51:30 | handlers | DEBUG | -1003065205593 | Функция harvest_callback() выполнена
2025-09-22 16:51:33 | handlers | DEBUG | -1003065205593 | 1 | 🌾 Собрано...
2025-09-22 16:51:33 | handlers | DEBUG | -1003065205593 | Функция harvest_callback() выполнена
2025-09-22 16:51:34 | handlers | DEBUG | -1003065205593 | 1 | 🌾 Собрано...
2025-09-22 16:51:34 | handlers | DEBUG | -1003065205593 | Функция harvest_callback() выполнена
2025-09-22 16:51:36 | handlers | DEBUG | -1003065205593 | 1 | 🌾 Собрано...
2025-09-22 16:51:37 | handlers | DEBUG | -1003065205593 | Функция harvest_callback() выполнена
2025-09-22 16:51:39 | handlers | DEBUG | -1003065205593 | 1 | 🌾 Собрано...
2025-09-22 16:51:39 | handlers | DEBUG | -1003065205593 | Функция harvest_callback() выполнена
2025-09-22 16:51:41 | handlers | DEBUG | -1003065205593 | 1 | 🌾 Собрано...
2025-09-22 16:51:41 | handlers | DEBUG | -1003065205593 | Функция harvest_callback() выполнена
2025-09-22 16:51:42 | handlers | DEBUG | -1003065205593 | 1 | 🌾 Собрано...
2025-09-22 16:51:42 | handlers | DEBUG | -1003065205593 | Функция harvest_callback() выполнена
2025-09-22 16:51:45 | handlers | DEBUG | -1003065205593 | 1 | 🌾 Собрано...
2025-09-22 16:51:45 | handlers | DEBUG | -1003065205593 | Функция harvest_callback() выполнена
2025-09-22 16:51:47 | handlers | DEBUG | -1003065205593 | 1 | 🌾 Собрано...
2025-09-22 16:51:47 | handlers | DEBUG | -1003065205593 | Функция harvest_callback() выполнена
2025-09-22 16:51:50 | handlers | DEBUG | -1003065205593 | 1 | 🌾 Собрано...
2025-09-22 16:51:50 | handlers | DEBUG | -1003065205593 | Функция harvest_callback() выполнена
2025-09-22 16:51:52 | handlers | DEBUG | -1003065205593 | 1 | 🌾 Собрано...
2025-09-22 16:51:52 | handlers | DEBUG | -1003065205593 | Функция harvest_callback() выполнена
2025-09-22 16:51:55 | handlers | DEBUG | -1003065205593 | 1 | 🌾 Собрано...
2025-09-22 16:51:55 | handlers | DEBUG | -1003065205593 | Функция harvest_callback() выполнена
2025-09-22 16:52:01 | handlers | DEBUG | -1003065205593 | 1 | 🌾 Собрано...
2025-09-22 16:52:01 | handlers | DEBUG | -1003065205593 | Функция harvest_callback() выполнена
2025-09-22 16:52:03 | handlers | DEBUG | -1003065205593 | 1 | 🌾 Собрано...
2025-09-22 16:52:03 | handlers | DEBUG | -1003065205593 | Функция harvest_callback() выполнена
2025-09-22 16:52:07 | handlers | DEBUG | -1003065205593 | 1 | 🌾 Собрано...
2025-09-22 16:52:07 | handlers | DEBUG | -1003065205593 | Функция harvest_callback() выполнена
2025-09-22 16:53:56 | handlers | DEBUG | -1003065205593 | 1 | 🌾 Собрано...
2025-09-22 16:53:56 | handlers | DEBUG | -1003065205593 | Функция harvest_callback() выполнена
2025-09-22 16:53:58 | handlers | DEBUG | -1003065205593 | 1 | 🌾 Собрано...
2025-09-22 16:53:58 | handlers | DEBUG | -1003065205593 | Функция harvest_callback() выполнена
2025-09-22 16:54:00 | handlers | DEBUG | -1003065205593 | 1 | 🌾 Собрано...
2025-09-22 16:54:00 | handlers | DEBUG | -1003065205593 | Функция harvest_callback() выполнена
2025-09-22 16:54:01 | handlers | DEBUG | -1003065205593 | 1 | 🌾 Собрано...
2025-09-22 16:54:02 | handlers | DEBUG | -1003065205593 | Функция harvest_callback() выполнена
2025-09-22 16:54:03 | handlers | DEBUG | -1003065205593 | 1 | 🌾 Собрано...
2025-09-22 16:54:03 | handlers | DEBUG | -1003065205593 | Функция harvest_callback() выполнена
2025-09-22 16:54:05 | handlers | DEBUG | -1003065205593 | 1 | 🌾 Собрано...
2025-09-22 16:54:05 | handlers | DEBUG | -1003065205593 | Функция harvest_callback() выполнена
2025-09-22 16:54:07 | handlers | DEBUG | -1003065205593 | 1 | 🌾 Собрано...
2025-09-22 16:54:07 | handlers | DEBUG | -1003065205593 | Функция harvest_callback() выполнена
2025-09-22 16:54:08 | handlers | DEBUG | -1003065205593 | 1 | 🌾 Собрано...
2025-09-22 16:54:08 | handlers | DEBUG | -1003065205593 | Функция harvest_callback() выполнена
2025-09-22 16:54:10 | handlers | DEBUG | -1003065205593 | 1 | 🌾 Собрано...
2025-09-22 16:54:10 | handlers | DEBUG | -1003065205593 | Функция harvest_callback() выполнена
2025-09-22 16:54:12 | handlers | DEBUG | -1003065205593 | 1 | 🌾 Собрано...
2025-09-22 16:54:12 | handlers | DEBUG | -1003065205593 | Функция harvest_callback() выполнена
2025-09-22 16:54:14 | handlers | DEBUG | -1003065205593 | 1 | 🌾 Собрано...
2025-09-22 16:54:14 | handlers | DEBUG | -1003065205593 | Функция harvest_callback() выполнена
2025-09-22 16:54:15 | handlers | DEBUG | -1003065205593 | 1 | 🌾 Собрано...
2025-09-22 16:54:15 | handlers | DEBUG | -1003065205593 | Функция harvest_callback() выполнена
2025-09-22 16:54:17 | handlers | DEBUG | -1003065205593 | 1 | 💼 Работа завершена!
2025-09-22 16:54:17 | handlers | DEBUG | -1003065205593 | Функция harvest_callback() выполнена
2025-09-22 16:54:35 | handlers | DEBUG | -1003065205593 | Функция prof_command() выполнена
2025-09-22 16:54:37 | handlers | DEBUG | -1003065205593 | 3 | 💼 Выбрана профессия: Знахарь
2025-09-22 16:54:37 | handlers | DEBUG | -1003065205593 | Функция select_prof_callback() выполнена
2025-09-22 16:54:40 | handlers | DEBUG | -1003065205593 | 3 | 🌾 Собрано...
2025-09-22 16:54:40 | handlers | DEBUG | -1003065205593 | Функция harvest_callback() выполнена
2025-09-22 16:54:41 | handlers | DEBUG | -1003065205593 | 3 | 🌾 Собрано...
2025-09-22 16:54:41 | handlers | DEBUG | -1003065205593 | Функция harvest_callback() выполнена
2025-09-22 16:54:43 | handlers | DEBUG | -1003065205593 | 3 | 🌾 Собрано...
2025-09-22 16:54:43 | handlers | DEBUG | -1003065205593 | Функция harvest_callback() выполнена
2025-09-22 16:54:45 | handlers | DEBUG | -1003065205593 | 3 | 🌾 Собрано...
2025-09-22 16:54:45 | handlers | DEBUG | -1003065205593 | Функция harvest_callback() выполнена
2025-09-22 16:54:46 | handlers | DEBUG | -1003065205593 | 3 | 🌾 Собрано...
2025-09-22 16:54:47 | handlers | DEBUG | -1003065205593 | Функция harvest_callback() выполнена
2025-09-22 16:54:48 | handlers | DEBUG | -1003065205593 | 3 | 🌾 Собрано...
2025-09-22 16:54:48 | handlers | DEBUG | -1003065205593 | Функция harvest_callback() выполнена
2025-09-22 16:54:56 | handlers | DEBUG | -1003065205593 | 3 | 🌾 Собрано...
2025-09-22 16:54:56 | handlers | DEBUG | -1003065205593 | Функция harvest_callback() выполнена
2025-09-22 16:54:58 | handlers | DEBUG | -1003065205593 | 3 | 🌾 Собрано...
2025-09-22 16:54:58 | handlers | DEBUG | -1003065205593 | Функция harvest_callback() выполнена
2025-09-22 16:54:59 | handlers | DEBUG | -1003065205593 | 3 | 🌾 Собрано...
2025-09-22 16:54:59 | handlers | DEBUG | -1003065205593 | Функция harvest_callback() выполнена
2025-09-22 16:55:01 | handlers | DEBUG | -1003065205593 | 3 | 🌾 Собрано...
2025-09-22 16:55:01 | handlers | DEBUG | -1003065205593 | Функция harvest_callback() выполнена
2025-09-22 16:55:03 | handlers | DEBUG | -1003065205593 | 3 | 🌾 Собрано...
2025-09-22 16:55:03 | handlers | DEBUG | -1003065205593 | Функция harvest_callback() выполнена
2025-09-22 16:55:04 | handlers | DEBUG | -1003065205593 | 3 | 🌾 Собрано...
2025-09-22 16:55:04 | handlers | DEBUG | -1003065205593 | Функция harvest_callback() выполнена
2025-09-22 16:55:06 | handlers | DEBUG | -1003065205593 | 3 | 🌾 Собрано...
2025-09-22 16:55:06 | handlers | DEBUG | -1003065205593 | Функция harvest_callback() выполнена
2025-09-22 16:55:08 | handlers | DEBUG | -1003065205593 | 3 | 🌾 Собрано...
2025-09-22 16:55:08 | handlers | DEBUG | -1003065205593 | Функция harvest_callback() выполнена
2025-09-22 16:55:10 | handlers | DEBUG | -1003065205593 | 3 | 🌾 Собрано...
2025-09-22 16:55:10 | handlers | DEBUG | -1003065205593 | Функция harvest_callback() выполнена
2025-09-22 16:55:13 | handlers | DEBUG | -1003065205593 | 3 | 💼 Работа завершена!
2025-09-22 16:55:13 | handlers | DEBUG | -1003065205593 | Функция harvest_callback() выполнена
2025-09-22 16:59:53 | handlers | DEBUG | -1003065205593 | 1 | 🌾 Собрано...
2025-09-22 16:59:53 | handlers | DEBUG | -1003065205593 | Функция harvest_callback() выполнена
2025-09-22 16:59:54 | handlers | DEBUG | -1003065205593 | 1 | 🌾 Собрано...
2025-09-22 16:59:55 | handlers | DEBUG | -1003065205593 | Функция harvest_callback() выполнена
2025-09-22 16:59:57 | handlers | DEBUG | -1003065205593 | 1 | 🌾 Собрано...
2025-09-22 16:59:57 | handlers | DEBUG | -1003065205593 | Функция harvest_callback() выполнена
2025-09-22 17:00:02 | handlers | DEBUG | -1003065205593 | 1 | 🌾 Собрано...
2025-09-22 17:00:02 | handlers | DEBUG | -1003065205593 | Функция harvest_callback() выполнена
2025-09-22 17:00:05 | handlers | DEBUG | -1003065205593 | 1 | 🌾 Собрано...
2025-09-22 17:00:05 | handlers | DEBUG | -1003065205593 | Функция harvest_callback() выполнена
2025-09-22 17:00:10 | handlers | DEBUG | -1003065205593 | 1 | 🌾 Собрано...
2025-09-22 17:00:10 | handlers | DEBUG | -1003065205593 | Функция harvest_callback() выполнена
2025-09-22 17:00:12 | handlers | DEBUG | -1003065205593 | 1 | 🌾 Собрано...
2025-09-22 17:00:12 | handlers | DEBUG | -1003065205593 | Функция harvest_callback() выполнена
2025-09-22 17:00:15 | handlers | DEBUG | -1003065205593 | 1 | 🌾 Собрано...
2025-09-22 17:00:15 | handlers | DEBUG | -1003065205593 | Функция harvest_callback() выполнена
2025-09-22 17:00:17 | handlers | DEBUG | -1003065205593 | 1 | 🌾 Собрано...
2025-09-22 17:00:17 | handlers | DEBUG | -1003065205593 | Функция harvest_callback() выполнена
2025-09-22 17:00:19 | handlers | DEBUG | -1003065205593 | 1 | 🌾 Собрано...
2025-09-22 17:00:19 | handlers | DEBUG | -1003065205593 | Функция harvest_callback() выполнена
2025-09-22 17:00:21 | handlers | DEBUG | -1003065205593 | 1 | 🌾 Собрано...
2025-09-22 17:00:21 | handlers | DEBUG | -1003065205593 | Функция harvest_callback() выполнена
2025-09-22 17:00:23 | handlers | DEBUG | -1003065205593 | 1 | 🌾 Собрано...
2025-09-22 17:00:23 | handlers | DEBUG | -1003065205593 | Функция harvest_callback() выполнена
2025-09-22 17:00:24 | handlers | DEBUG | -1003065205593 | 1 | 🌾 Собрано...
2025-09-22 17:00:24 | handlers | DEBUG | -1003065205593 | Функция harvest_callback() выполнена
2025-09-22 17:00:26 | handlers | DEBUG | -1003065205593 | 1 | 🌾 Собрано...
2025-09-22 17:00:26 | handlers | DEBUG | -1003065205593 | Функция harvest_callback() выполнена
2025-09-22 17:00:28 | handlers | DEBUG | -1003065205593 | 1 | 🌾 Собрано...
2025-09-22 17:00:28 | handlers | DEBUG | -1003065205593 | Функция harvest_callback() выполнена
2025-09-22 17:00:33 | handlers | DEBUG | -1003065205593 | 1 | 💼 Работа завершена!
2025-09-22 17:00:33 | handlers | DEBUG | -1003065205593 | Функция harvest_callback() выполнена
2025-09-22 17:04:02 | handlers | DEBUG | -1003065205593 | Функция prof_command() выполнена
2025-09-22 17:04:03 | handlers | DEBUG | -1003065205593 | 2 | 💼 Выбрана профессия: Знахарь
2025-09-22 17:04:03 | handlers | DEBUG | -1003065205593 | Функция select_prof_callback() выполнена
2025-09-22 17:04:13 | handlers | DEBUG | -1003065205593 | 2 | 🌾 Собрано...
2025-09-22 17:04:13 | handlers | DEBUG | -1003065205593 | Функция harvest_callback() выполнена
2025-09-22 17:04:15 | handlers | DEBUG | -1003065205593 | 2 | 🌾 Собрано...
2025-09-22 17:04:15 | handlers | DEBUG | -1003065205593 | Функция harvest_callback() выполнена
2025-09-22 17:04:17 | handlers | DEBUG | -1003065205593 | 2 | 🌾 Собрано...
2025-09-22 17:04:17 | handlers | DEBUG | -1003065205593 | Функция harvest_callback() выполнена
2025-09-22 17:04:20 | handlers | DEBUG | -1003065205593 | 2 | 🌾 Собрано...
2025-09-22 17:04:20 | handlers | DEBUG | -1003065205593 | Функция harvest_callback() выполнена
2025-09-22 17:04:23 | handlers | DEBUG | -1003065205593 | 2 | 🌾 Собрано...
2025-09-22 17:04:23 | handlers | DEBUG | -1003065205593 | Функция harvest_callback() выполнена
2025-09-22 17:04:25 | handlers | DEBUG | -1003065205593 | 2 | 🌾 Собрано...
2025-09-22 17:04:25 | handlers | DEBUG | -1003065205593 | Функция harvest_callback() выполнена
2025-09-22 17:04:26 | handlers | DEBUG | -1003065205593 | 2 | 🌾 Собрано...
2025-09-22 17:04:27 | handlers | DEBUG | -1003065205593 | Функция harvest_callback() выполнена
2025-09-22 17:04:28 | handlers | DEBUG | -1003065205593 | 2 | 🌾 Собрано...
2025-09-22 17:04:28 | handlers | DEBUG | -1003065205593 | Функция harvest_callback() выполнена
2025-09-22 17:04:30 | handlers | DEBUG | -1003065205593 | 2 | 🌾 Собрано...
2025-09-22 17:04:30 | handlers | DEBUG | -1003065205593 | Функция harvest_callback() выполнена
2025-09-22 17:04:34 | handlers | DEBUG | -1003065205593 | 2 | 🌾 Собрано...
2025-09-22 17:04:34 | handlers | DEBUG | -1003065205593 | Функция harvest_callback() выполнена
2025-09-22 17:04:36 | handlers | DEBUG | -1003065205593 | 2 | 🌾 Собрано...
2025-09-22 17:04:36 | handlers | DEBUG | -1003065205593 | Функция harvest_callback() выполнена
2025-09-22 17:04:39 | handlers | DEBUG | -1003065205593 | 2 | 🌾 Собрано...
2025-09-22 17:04:39 | handlers | DEBUG | -1003065205593 | Функция harvest_callback() выполнена
2025-09-22 17:04:42 | handlers | DEBUG | -1003065205593 | 2 | 🌾 Собрано...
2025-09-22 17:04:42 | handlers | DEBUG | -1003065205593 | Функция harvest_callback() выполнена
2025-09-22 17:04:45 | handlers | DEBUG | -1003065205593 | 2 | 🌾 Собрано...
2025-09-22 17:04:45 | handlers | DEBUG | -1003065205593 | Функция harvest_callback() выполнена
2025-09-22 17:04:48 | handlers | DEBUG | -1003065205593 | 2 | 🌾 Собрано...
2025-09-22 17:04:48 | handlers | DEBUG | -1003065205593 | Функция harvest_callback() выполнена
2025-09-22 17:04:51 | handlers | DEBUG | -1003065205593 | 2 | 💼 Работа завершена!
2025-09-22 17:04:51 | handlers | DEBUG | -1003065205593 | Функция harvest_callback() выполнена
2025-09-22 17:05:09 | handlers | DEBUG | -1003065205593 | Функция prof_command() выполнена
2025-09-22 17:05:17 | handlers | DEBUG | -1003065205593 | Функция me_command() выполнена
2025-09-22 17:05:48 | handlers | DEBUG | -1003065205593 | Функция inventory_command() выполнена
2025-09-22 17:05:56 | handlers | DEBUG | -1003065205593 | Функция inventory_command() выполнена
2025-09-22 17:06:21 | handlers | DEBUG | -1003065205593 | Функция me_command() выполнена
2025-09-22 17:06:32 | handlers | DEBUG | -1003065205593 | Функция inventory_command() выполнена
2025-09-22 17:12:27 | handlers | DEBUG | -1003065205593 | 1 | 🌾 Собрано...
2025-09-22 17:12:27 | handlers | DEBUG | -1003065205593 | Функция harvest_callback() выполнена
2025-09-22 17:12:28 | handlers | DEBUG | -1003065205593 | 1 | 🌾 Собрано...
2025-09-22 17:12:28 | handlers | DEBUG | -1003065205593 | Функция harvest_callback() выполнена
2025-09-22 17:12:33 | handlers | DEBUG | -1003065205593 | 1 | 🌾 Собрано...
2025-09-22 17:12:33 | handlers | DEBUG | -1003065205593 | Функция harvest_callback() выполнена
2025-09-22 17:12:37 | handlers | DEBUG | -1003065205593 | 1 | 🌾 Собрано...
2025-09-22 17:12:37 | handlers | DEBUG | -1003065205593 | Функция harvest_callback() выполнена
2025-09-22 17:12:39 | handlers | DEBUG | -1003065205593 | 1 | 🌾 Собрано...
2025-09-22 17:12:39 | handlers | DEBUG | -1003065205593 | Функция harvest_callback() выполнена
2025-09-22 17:12:40 | handlers | DEBUG | -1003065205593 | 1 | 🌾 Собрано...
2025-09-22 17:12:40 | handlers | DEBUG | -1003065205593 | Функция harvest_callback() выполнена
2025-09-22 17:12:41 | handlers | DEBUG | -1003065205593 | 1 | 🌾 Собрано...
2025-09-22 17:12:41 | handlers | DEBUG | -1003065205593 | Функция harvest_callback() выполнена
2025-09-22 17:12:42 | handlers | DEBUG | -1003065205593 | 1 | 🌾 Собрано...
2025-09-22 17:12:42 | handlers | DEBUG | -1003065205593 | Функция harvest_callback() выполнена
2025-09-22 17:12:46 | handlers | DEBUG | -1003065205593 | 1 | 🌾 Собрано...
2025-09-22 17:12:46 | handlers | DEBUG | -1003065205593 | Функция harvest_callback() выполнена
2025-09-22 17:12:49 | handlers | DEBUG | -1003065205593 | 1 | 🌾 Собрано...
2025-09-22 17:12:49 | handlers | DEBUG | -1003065205593 | Функция harvest_callback() выполнена
2025-09-22 17:12:53 | handlers | DEBUG | -1003065205593 | 1 | 🌾 Собрано...
2025-09-22 17:12:53 | handlers | DEBUG | -1003065205593 | Функция harvest_callback() выполнена
2025-09-22 17:12:54 | handlers | DEBUG | -1003065205593 | 1 | 🌾 Собрано...
2025-09-22 17:12:54 | handlers | DEBUG | -1003065205593 | Функция harvest_callback() выполнена
2025-09-22 17:13:00 | handlers | DEBUG | -1003065205593 | 1 | 🌾 Собрано...
2025-09-22 17:13:00 | handlers | DEBUG | -1003065205593 | Функция harvest_callback() выполнена
2025-09-22 17:13:01 | handlers | DEBUG | -1003065205593 | 1 | 🌾 Собрано...
2025-09-22 17:13:01 | handlers | DEBUG | -1003065205593 | Функция harvest_callback() выполнена
2025-09-22 17:13:03 | handlers | DEBUG | -1003065205593 | 1 | 🌾 Собрано...
2025-09-22 17:13:03 | handlers | DEBUG | -1003065205593 | Функция harvest_callback() выполнена
2025-09-22 17:13:04 | handlers | DEBUG | -1003065205593 | 1 | 💼 Работа завершена!
2025-09-22 17:13:04 | handlers | DEBUG | -1003065205593 | Функция harvest_callback() выполнена
2025-09-22 17:23:06 | handlers | DEBUG | -1003065205593 | 1 | 🌾 Собрано...
2025-09-22 17:23:06 | handlers | DEBUG | -1003065205593 | Функция harvest_callback() выполнена
2025-09-22 17:23:09 | handlers | DEBUG | -1003065205593 | 1 | 🌾 Собрано...
2025-09-22 17:23:09 | handlers | DEBUG | -1003065205593 | Функция harvest_callback() выполнена
2025-09-22 17:23:10 | handlers | DEBUG | -1003065205593 | 1 | 🌾 Собрано...
2025-09-22 17:23:10 | handlers | DEBUG | -1003065205593 | Функция harvest_callback() выполнена
2025-09-22 17:23:11 | handlers | DEBUG | -1003065205593 | 1 | 🌾 Собрано...
2025-09-22 17:23:11 | handlers | DEBUG | -1003065205593 | Функция harvest_callback() выполнена
2025-09-22 17:23:12 | handlers | DEBUG | -1003065205593 | 1 | 🌾 Собрано...
2025-09-22 17:23:12 | handlers | DEBUG | -1003065205593 | Функция harvest_callback() выполнена
2025-09-22 17:23:14 | handlers | DEBUG | -1003065205593 | 1 | 🌾 Собрано...
2025-09-22 17:23:14 | handlers | DEBUG | -1003065205593 | Функция harvest_callback() выполнена
2025-09-22 17:23:15 | handlers | DEBUG | -1003065205593 | 1 | 🌾 Собрано...
2025-09-22 17:23:16 | handlers | DEBUG | -1003065205593 | Функция harvest_callback() выполнена
2025-09-22 17:23:20 | handlers | DEBUG | -1003065205593 | 1 | 🌾 Собрано...
2025-09-22 17:23:20 | handlers | DEBUG | -1003065205593 | Функция harvest_callback() выполнена
2025-09-22 17:23:22 | handlers | DEBUG | -1003065205593 | 1 | 🌾 Собрано...
2025-09-22 17:23:22 | handlers | DEBUG | -1003065205593 | Функция harvest_callback() выполнена
2025-09-22 17:23:24 | handlers | DEBUG | -1003065205593 | 1 | 🌾 Собрано...
2025-09-22 17:23:24 | handlers | DEBUG | -1003065205593 | Функция harvest_callback() выполнена
2025-09-22 17:23:25 | handlers | DEBUG | -1003065205593 | 1 | 🌾 Собрано...
2025-09-22 17:23:25 | handlers | DEBUG | -1003065205593 | Функция harvest_callback() выполнена
2025-09-22 17:23:27 | handlers | DEBUG | -1003065205593 | 1 | 🌾 Собрано...
2025-09-22 17:23:27 | handlers | DEBUG | -1003065205593 | Функция harvest_callback() выполнена
2025-09-22 17:23:28 | handlers | DEBUG | -1003065205593 | 1 | 🌾 Собрано...
2025-09-22 17:23:28 | handlers | DEBUG | -1003065205593 | Функция harvest_callback() выполнена
2025-09-22 17:23:29 | handlers | DEBUG | -1003065205593 | 1 | 🌾 Собрано...
2025-09-22 17:23:29 | handlers | DEBUG | -1003065205593 | Функция harvest_callback() выполнена
2025-09-22 17:23:32 | handlers | DEBUG | -1003065205593 | 1 | 🌾 Собрано...
2025-09-22 17:23:32 | handlers | DEBUG | -1003065205593 | Функция harvest_callback() выполнена
2025-09-22 17:23:33 | handlers | DEBUG | -1003065205593 | 1 | 💼 Работа завершена!
2025-09-22 17:23:33 | handlers | DEBUG | -1003065205593 | Функция harvest_callback() выполнена
2025-09-22 17:23:54 | handlers | DEBUG | -1003065205593 | 2 | 🌾 Собрано...
2025-09-22 17:23:54 | handlers | DEBUG | -1003065205593 | Функция harvest_callback() выполнена
2025-09-22 17:23:55 | handlers | DEBUG | -1003065205593 | 2 | 🌾 Собрано...
2025-09-22 17:23:55 | handlers | DEBUG | -1003065205593 | Функция harvest_callback() выполнена
2025-09-22 17:24:00 | handlers | DEBUG | -1003065205593 | 2 | 🌾 Собрано...
2025-09-22 17:24:00 | handlers | DEBUG | -1003065205593 | Функция harvest_callback() выполнена
2025-09-22 17:24:00 | handlers | DEBUG | -1003065205593 | 2 | 🌾 Собрано...
2025-09-22 17:24:00 | handlers | DEBUG | -1003065205593 | Функция harvest_callback() выполнена
2025-09-22 17:24:00 | handlers | DEBUG | -1003065205593 | 2 | 🌾 Собрано...
2025-09-22 17:24:00 | handlers | DEBUG | -1003065205593 | Функция harvest_callback() выполнена
2025-09-22 17:24:01 | handlers | DEBUG | -1003065205593 | 2 | 🌾 Собрано...
2025-09-22 17:24:01 | handlers | DEBUG | -1003065205593 | Функция harvest_callback() выполнена
2025-09-22 17:24:03 | handlers | DEBUG | -1003065205593 | 2 | 🌾 Собрано...
2025-09-22 17:24:03 | handlers | DEBUG | -1003065205593 | Функция harvest_callback() выполнена
2025-09-22 17:24:05 | handlers | DEBUG | -1003065205593 | 2 | 🌾 Собрано...
2025-09-22 17:24:05 | handlers | DEBUG | -1003065205593 | Функция harvest_callback() выполнена
2025-09-22 17:24:10 | handlers | DEBUG | -1003065205593 | 2 | 🌾 Собрано...
2025-09-22 17:24:10 | handlers | DEBUG | -1003065205593 | Функция harvest_callback() выполнена
2025-09-22 17:24:11 | handlers | DEBUG | -1003065205593 | 2 | 🌾 Собрано...
2025-09-22 17:24:11 | handlers | DEBUG | -1003065205593 | Функция harvest_callback() выполнена
2025-09-22 17:24:12 | handlers | DEBUG | -1003065205593 | 2 | 🌾 Собрано...
2025-09-22 17:24:12 | handlers | DEBUG | -1003065205593 | Функция harvest_callback() выполнена
2025-09-22 17:24:14 | handlers | DEBUG | -1003065205593 | 2 | 🌾 Собрано...
2025-09-22 17:24:14 | handlers | DEBUG | -1003065205593 | Функция harvest_callback() выполнена
2025-09-22 17:24:15 | handlers | DEBUG | -1003065205593 | 2 | 🌾 Собрано...
2025-09-22 17:24:15 | handlers | DEBUG | -1003065205593 | Функция harvest_callback() выполнена
2025-09-22 17:24:16 | handlers | DEBUG | -1003065205593 | 2 | 🌾 Собрано...
2025-09-22 17:24:16 | handlers | DEBUG | -1003065205593 | Функция harvest_callback() выполнена
2025-09-22 17:24:17 | handlers | DEBUG | -1003065205593 | 2 | 🌾 Собрано...
2025-09-22 17:24:17 | handlers | DEBUG | -1003065205593 | Функция harvest_callback() выполнена
2025-09-22 17:24:18 | handlers | DEBUG | -1003065205593 | 2 | 💼 Работа завершена!
2025-09-22 17:24:18 | handlers | DEBUG | -1003065205593 | Функция harvest_callback() выполнена
2025-09-22 17:24:26 | handlers | DEBUG | -1003065205593 | Функция me_command() выполнена
2025-09-22 17:24:28 | handlers | DEBUG | -1003065205593 | Функция inventory_command() выполнена
2025-09-22 17:24:28 | handlers | DEBUG | -1003065205593 | Функция inventory_command() выполнена
2025-09-22 17:28:54 | handlers | DEBUG | -1003065205593 | 2 | 🌾 Собрано...
2025-09-22 17:28:54 | handlers | DEBUG | -1003065205593 | Функция harvest_callback() выполнена
2025-09-22 17:28:55 | handlers | DEBUG | -1003065205593 | 2 | 🌾 Собрано...
2025-09-22 17:28:55 | handlers | DEBUG | -1003065205593 | Функция harvest_callback() выполнена
2025-09-22 17:28:56 | handlers | DEBUG | -1003065205593 | 2 | 🌾 Собрано...
2025-09-22 17:28:56 | handlers | DEBUG | -1003065205593 | Функция harvest_callback() выполнена
2025-09-22 17:28:59 | handlers | DEBUG | -1003065205593 | 2 | 🌾 Собрано...
2025-09-22 17:28:59 | handlers | DEBUG | -1003065205593 | Функция harvest_callback() выполнена
2025-09-22 17:29:01 | handlers | DEBUG | -1003065205593 | 2 | 🌾 Собрано...
2025-09-22 17:29:01 | handlers | DEBUG | -1003065205593 | Функция harvest_callback() выполнена
2025-09-22 17:29:02 | handlers | DEBUG | -1003065205593 | 2 | 🌾 Собрано...
2025-09-22 17:29:02 | handlers | DEBUG | -1003065205593 | Функция harvest_callback() выполнена
2025-09-22 17:29:04 | handlers | DEBUG | -1003065205593 | 2 | 🌾 Собрано...
2025-09-22 17:29:04 | handlers | DEBUG | -1003065205593 | Функция harvest_callback() выполнена
2025-09-22 17:29:06 | handlers | DEBUG | -1003065205593 | 2 | 🌾 Собрано...
2025-09-22 17:29:06 | handlers | DEBUG | -1003065205593 | Функция harvest_callback() выполнена
2025-09-22 17:29:07 | handlers | DEBUG | -1003065205593 | 2 | 🌾 Собрано...
2025-09-22 17:29:07 | handlers | DEBUG | -1003065205593 | Функция harvest_callback() выполнена
2025-09-22 17:29:09 | handlers | DEBUG | -1003065205593 | 2 | 🌾 Собрано...
2025-09-22 17:29:09 | handlers | DEBUG | -1003065205593 | Функция harvest_callback() выполнена
2025-09-22 17:29:10 | handlers | DEBUG | -1003065205593 | 2 | 🌾 Собрано...
2025-09-22 17:29:10 | handlers | DEBUG | -1003065205593 | Функция harvest_callback() выполнена
2025-09-22 17:29:11 | handlers | DEBUG | -1003065205593 | 2 | 🌾 Собрано...
2025-09-22 17:29:11 | handlers | DEBUG | -1003065205593 | Функция harvest_callback() выполнена
2025-09-22 17:29:13 | handlers | DEBUG | -1003065205593 | 2 | 🌾 Собрано...
2025-09-22 17:29:13 | handlers | DEBUG | -1003065205593 | Функция harvest_callback() выполнена
2025-09-22 17:29:14 | handlers | DEBUG | -1003065205593 | 2 | 🌾 Собрано...
2025-09-22 17:29:14 | handlers | DEBUG | -1003065205593 | Функция harvest_callback() выполнена
2025-09-22 17:29:16 | handlers | DEBUG | -1003065205593 | 2 | 🌾 Собрано...
2025-09-22 17:29:16 | handlers | DEBUG | -1003065205593 | Функция harvest_callback() выполнена
2025-09-22 17:29:17 | handlers | DEBUG | -1003065205593 | 2 | 💼 Работа завершена!
2025-09-22 17:29:17 | handlers | DEBUG | -1003065205593 | Функция harvest_callback() выполнена
2025-09-22 17:29:33 | handlers | DEBUG | -1003065205593 | Функция me_command() выполнена
2025-09-22 17:29:35 | handlers | DEBUG | -1003065205593 | Функция inventory_command() выполнена
2025-09-22 17:31:37 | handlers | DEBUG | -1003065205593 | 2 | 🌾 Собрано...
2025-09-22 17:31:37 | handlers | DEBUG | -1003065205593 | Функция harvest_callback() выполнена
2025-09-22 17:31:38 | handlers | DEBUG | -1003065205593 | 2 | 🌾 Собрано...
2025-09-22 17:31:38 | handlers | DEBUG | -1003065205593 | Функция harvest_callback() выполнена
2025-09-22 17:31:39 | handlers | DEBUG | -1003065205593 | 2 | 🌾 Собрано...
2025-09-22 17:31:39 | handlers | DEBUG | -1003065205593 | Функция harvest_callback() выполнена
2025-09-22 17:31:41 | handlers | DEBUG | -1003065205593 | 2 | 🌾 Собрано...
2025-09-22 17:31:41 | handlers | DEBUG | -1003065205593 | Функция harvest_callback() выполнена
2025-09-22 17:31:42 | handlers | DEBUG | -1003065205593 | 2 | 🌾 Собрано...
2025-09-22 17:31:42 | handlers | DEBUG | -1003065205593 | Функция harvest_callback() выполнена
2025-09-22 17:31:44 | handlers | DEBUG | -1003065205593 | 2 | 🌾 Собрано...
2025-09-22 17:31:44 | handlers | DEBUG | -1003065205593 | Функция harvest_callback() выполнена
2025-09-22 17:31:45 | handlers | DEBUG | -1003065205593 | 2 | 🌾 Собрано...
2025-09-22 17:31:46 | handlers | DEBUG | -1003065205593 | Функция harvest_callback() выполнена
2025-09-22 17:32:00 | handlers | DEBUG | -1003065205593 | 2 | 🌾 Собрано...
2025-09-22 17:32:00 | handlers | DEBUG | -1003065205593 | Функция harvest_callback() выполнена
2025-09-22 17:32:02 | handlers | DEBUG | -1003065205593 | 2 | 🌾 Собрано...
2025-09-22 17:32:02 | handlers | DEBUG | -1003065205593 | Функция harvest_callback() выполнена
2025-09-22 17:32:04 | handlers | DEBUG | -1003065205593 | 2 | 🌾 Собрано...
2025-09-22 17:32:04 | handlers | DEBUG | -1003065205593 | Функция harvest_callback() выполнена
2025-09-22 17:32:05 | handlers | DEBUG | -1003065205593 | 2 | 🌾 Собрано...
2025-09-22 17:32:05 | handlers | DEBUG | -1003065205593 | Функция harvest_callback() выполнена
2025-09-22 17:32:06 | handlers | DEBUG | -1003065205593 | 2 | 🌾 Собрано...
2025-09-22 17:32:06 | handlers | DEBUG | -1003065205593 | Функция harvest_callback() выполнена
2025-09-22 17:32:22 | handlers | DEBUG | -1003065205593 | 2 | 🌾 Собрано...
2025-09-22 17:32:22 | handlers | DEBUG | -1003065205593 | Функция harvest_callback() выполнена
2025-09-22 17:32:23 | handlers | DEBUG | -1003065205593 | 2 | 🌾 Собрано...
2025-09-22 17:32:23 | handlers | DEBUG | -1003065205593 | Функция harvest_callback() выполнена
2025-09-22 17:32:24 | handlers | DEBUG | -1003065205593 | 2 | 🌾 Собрано...
2025-09-22 17:32:24 | handlers | DEBUG | -1003065205593 | Функция harvest_callback() выполнена
2025-09-22 17:32:27 | handlers | DEBUG | -1003065205593 | 2 | 💼 Работа завершена!
2025-09-22 17:32:27 | handlers | DEBUG | -1003065205593 | Функция harvest_callback() выполнена
2025-09-22 18:00:08 | handlers | DEBUG | -1003065205593 | Бот удален из группы Settlements!
2025-09-22 18:02:14 | handlers | DEBUG | -1003065205593 | Бот добавлен в группу Settlements!
2025-09-22 18:02:14 | handlers | DEBUG | -1003065205593 | Функция bot_added_to_chat_event() выполнена
2025-09-22 18:02:47 | handlers | DEBUG | -1003065205593 | Функция start_command() выполнена
2025-09-22 18:02:57 | handlers | DEBUG | -1003065205593 | Функция me_command() выполнена
2025-09-22 18:02:59 | handlers | DEBUG | -1003065205593 | Функция start_command() выполнена
2025-09-22 18:03:37 | handlers | DEBUG | -1003065205593 | Функция start_command() выполнена
2025-09-22 18:03:43 | handlers | DEBUG | -1003065205593 | Функция me_command() выполнена
2025-09-22 18:04:21 | handlers | DEBUG | -1003065205593 | Функция me_command() выполнена
2025-09-22 18:06:37 | handlers | DEBUG | -1003065205593 | Функция cosmetics_command() выполнена
2025-09-22 18:06:56 | handlers | DEBUG | -1003065205593 | 1 | ✅ Эмодзи изменен: 👩‍🌾
2025-09-22 18:06:56 | handlers | DEBUG | -1003065205593 | Функция cosmetics_select() выполнена
2025-09-22 18:07:05 | handlers | DEBUG | -1003065205593 | 1 | ✅ Эмодзи изменен: 👩‍🌾
2025-09-22 18:09:19 | handlers | DEBUG | -1003065205593 | Функция me_command() выполнена
2025-09-22 18:09:45 | handlers | DEBUG | -1003065205593 | Функция me_command() выполнена
2025-09-22 18:11:38 | handlers | DEBUG | -1003065205593 | Функция me_command() выполнена
2025-09-22 18:11:44 | handlers | DEBUG | -1003065205593 | Функция prof_command() выполнена
2025-09-22 18:11:47 | handlers | DEBUG | -1003065205593 | Функция me_command() выполнена
2025-09-22 18:11:52 | handlers | DEBUG | -1003065205593 | 3 | 💼 Выбрана профессия: Знахарь
2025-09-22 18:11:52 | handlers | DEBUG | -1003065205593 | Функция select_prof_callback() выполнена
2025-09-22 18:11:56 | handlers | DEBUG | -1003065205593 | Функция cosmetics_command() выполнена
2025-09-22 18:11:59 | handlers | DEBUG | -1003065205593 | 3 | ✅ Эмодзи изменен: 👨‍🌾
2025-09-22 18:11:59 | handlers | DEBUG | -1003065205593 | Функция cosmetics_select() выполнена
2025-09-22 18:12:01 | handlers | DEBUG | -1003065205593 | 3 | ✅ Эмодзи изменен: 👩‍🌾
2025-09-22 18:12:01 | handlers | DEBUG | -1003065205593 | Функция cosmetics_select() выполнена
2025-09-22 18:12:03 | handlers | DEBUG | -1003065205593 | 3 | ✅ Эмодзи изменен: 👨‍🌾
2025-09-22 18:12:03 | handlers | DEBUG | -1003065205593 | Функция cosmetics_select() выполнена
2025-09-22 18:12:05 | handlers | DEBUG | -1003065205593 | Функция prof_command() выполнена
2025-09-22 18:12:20 | handlers | DEBUG | -1003065205593 | Функция overtime_command() выполнена
2025-09-22 18:13:22 | handlers | DEBUG | -1003065205593 | 1 | 💼 Выбрана профессия: Знахарь
2025-09-22 18:13:22 | handlers | DEBUG | -1003065205593 | Функция select_prof_callback() выполнена
2025-09-22 18:14:01 | handlers | DEBUG | -1003065205593 | Функция overtime_command() выполнена
2025-09-22 18:14:45 | handlers | DEBUG | -1003065205593 | 1 | 🔄 Квота обновлена: 0/8
2025-09-22 18:14:45 | handlers | DEBUG | -1003065205593 | Функция overtime_take() выполнена
2025-09-22 18:15:05 | handlers | DEBUG | -1003065205593 | Функция me_command() выполнена
2025-09-22 18:15:10 | handlers | DEBUG | -1003065205593 | Функция prof_command() выполнена
2025-09-22 18:19:58 | handlers | DEBUG | -1003065205593 | Функция start_command() выполнена
2025-09-22 18:20:00 | handlers | DEBUG | -1003065205593 | Функция me_command() выполнена
2025-09-22 18:22:56 | handlers | DEBUG | -1003065205593 | Функция start_command() выполнена
2025-09-22 18:23:03 | handlers | DEBUG | -1003065205593 | Функция me_command() выполнена
2025-09-22 18:23:10 | handlers | DEBUG | -1003065205593 | Функция cosmetics_command() выполнена
2025-09-22 18:23:27 | handlers | DEBUG | -1003065205593 | 4 | ✅ Эмодзи изменен: 👩‍🌾
2025-09-22 18:23:27 | handlers | DEBUG | -1003065205593 | Функция cosmetics_select() выполнена
2025-09-22 18:23:31 | handlers | DEBUG | -1003065205593 | Функция overtime_command() выполнена
2025-09-22 18:23:42 | handlers | DEBUG | -1003065205593 | Функция prof_command() выполнена
2025-09-22 18:23:44 | handlers | DEBUG | -1003065205593 | 4 | 💼 Выбрана профессия: Знахарь
2025-09-22 18:23:44 | handlers | DEBUG | -1003065205593 | Функция select_prof_callback() выполнена
2025-09-22 18:26:36 | handlers | DEBUG | -1003065205593 | Функция overtime_command() выполнена
2025-09-22 18:27:16 | handlers | DEBUG | -1003065205593 | Функция me_command() выполнена
2025-09-22 18:27:29 | handlers | DEBUG | -1003065205593 | Функция me_command() выполнена
2025-09-22 18:27:43 | handlers | DEBUG | -1003065205593 | Функция me_command() выполнена
2025-09-22 18:33:22 | handlers | DEBUG | -1003065205593 | Функция prof_command() выполнена
2025-09-22 18:33:48 | handlers | DEBUG | -1003065205593 | 3 | 💼 Выбрана профессия: Знахарь
2025-09-22 18:33:48 | handlers | DEBUG | -1003065205593 | Функция select_prof_callback() выполнена
2025-09-22 18:33:59 | handlers | DEBUG | -1003065205593 | 3 | 🌾 Собрано...
2025-09-22 18:33:59 | handlers | DEBUG | -1003065205593 | Функция harvest_callback() выполнена
2025-09-22 18:34:01 | handlers | DEBUG | -1003065205593 | 3 | 🌾 Собрано...
2025-09-22 18:34:01 | handlers | DEBUG | -1003065205593 | Функция harvest_callback() выполнена
2025-09-22 18:34:04 | handlers | DEBUG | -1003065205593 | 3 | 🌾 Собрано...
2025-09-22 18:34:04 | handlers | DEBUG | -1003065205593 | Функция harvest_callback() выполнена
2025-09-22 18:34:05 | handlers | DEBUG | -1003065205593 | 3 | 🌾 Собрано...
2025-09-22 18:34:05 | handlers | DEBUG | -1003065205593 | Функция harvest_callback() выполнена
2025-09-22 18:34:06 | handlers | DEBUG | -1003065205593 | 3 | 🌾 Собрано...
2025-09-22 18:34:06 | handlers | DEBUG | -1003065205593 | Функция harvest_callback() выполнена
2025-09-22 18:34:07 | handlers | DEBUG | -1003065205593 | 3 | 🌾 Собрано...
2025-09-22 18:34:07 | handlers | DEBUG | -1003065205593 | Функция harvest_callback() выполнена
2025-09-22 18:34:09 | handlers | DEBUG | -1003065205593 | 3 | 🌾 Собрано...
2025-09-22 18:34:09 | handlers | DEBUG | -1003065205593 | Функция harvest_callback() выполнена
2025-09-22 18:34:10 | handlers | DEBUG | -1003065205593 | 3 | 🌾 Собрано...
2025-09-22 18:34:10 | handlers | DEBUG | -1003065205593 | Функция harvest_callback() выполнена
2025-09-22 18:34:15 | handlers | DEBUG | -1003065205593 | 3 | 🌾 Собрано...
2025-09-22 18:34:15 | handlers | DEBUG | -1003065205593 | Функция harvest_callback() выполнена
2025-09-22 18:34:23 | handlers | DEBUG | -1003065205593 | 3 | 🌾 Собрано...
2025-09-22 18:34:23 | handlers | DEBUG | -1003065205593 | Функция harvest_callback() выполнена
2025-09-22 18:34:25 | handlers | DEBUG | -1003065205593 | 3 | 🌾 Собрано...
2025-09-22 18:34:25 | handlers | DEBUG | -1003065205593 | Функция harvest_callback() выполнена
2025-09-22 18:34:27 | handlers | DEBUG | -1003065205593 | 3 | 🌾 Собрано...
2025-09-22 18:34:27 | handlers | DEBUG | -1003065205593 | Функция harvest_callback() выполнена
2025-09-22 18:34:29 | handlers | DEBUG | -1003065205593 | 3 | 🌾 Собрано...
2025-09-22 18:34:29 | handlers | DEBUG | -1003065205593 | Функция harvest_callback() выполнена
2025-09-22 18:34:31 | handlers | DEBUG | -1003065205593 | 3 | 🌾 Собрано...
2025-09-22 18:34:31 | handlers | DEBUG | -1003065205593 | Функция harvest_callback() выполнена
2025-09-22 18:34:32 | handlers | DEBUG | -1003065205593 | 3 | 🌾 Собрано...
2025-09-22 18:34:32 | handlers | DEBUG | -1003065205593 | Функция harvest_callback() выполнена
2025-09-22 18:34:34 | handlers | DEBUG | -1003065205593 | 3 | 🌾 Собрано...
2025-09-22 18:34:34 | handlers | DEBUG | -1003065205593 | Функция harvest_callback() выполнена
2025-09-22 18:34:35 | handlers | DEBUG | -1003065205593 | 3 | 🌾 Собрано...
2025-09-22 18:34:35 | handlers | DEBUG | -1003065205593 | Функция harvest_callback() выполнена
2025-09-22 18:34:37 | handlers | DEBUG | -1003065205593 | 3 | 🌾 Собрано...
2025-09-22 18:34:37 | handlers | DEBUG | -1003065205593 | Функция harvest_callback() выполнена
2025-09-22 18:34:38 | handlers | DEBUG | -1003065205593 | 3 | 🌾 Собрано...
2025-09-22 18:34:38 | handlers | DEBUG | -1003065205593 | Функция harvest_callback() выполнена
2025-09-22 18:34:39 | handlers | DEBUG | -1003065205593 | 3 | 🌾 Собрано...
2025-09-22 18:34:39 | handlers | DEBUG | -1003065205593 | Функция harvest_callback() выполнена
2025-09-22 18:40:44 | handlers | DEBUG | -1003065205593 | 3 | 🌾 Собрано...
2025-09-22 18:40:44 | handlers | DEBUG | -1003065205593 | Функция harvest_callback() выполнена
2025-09-22 18:40:46 | handlers | DEBUG | -1003065205593 | 3 | 🌾 Собрано...
2025-09-22 18:40:46 | handlers | DEBUG | -1003065205593 | Функция harvest_callback() выполнена
2025-09-22 18:40:48 | handlers | DEBUG | -1003065205593 | 3 | 🌾 Собрано...
2025-09-22 18:40:48 | handlers | DEBUG | -1003065205593 | Функция harvest_callback() выполнена
2025-09-22 18:40:50 | handlers | DEBUG | -1003065205593 | 3 | 🌾 Собрано...
2025-09-22 18:40:50 | handlers | DEBUG | -1003065205593 | Функция harvest_callback() выполнена
2025-09-22 18:40:54 | handlers | DEBUG | -1003065205593 | 3 | 🌾 Собрано...
2025-09-22 18:40:54 | handlers | DEBUG | -1003065205593 | Функция harvest_callback() выполнена
2025-09-22 18:40:57 | handlers | DEBUG | -1003065205593 | 3 | 🌾 Собрано...
2025-09-22 18:40:57 | handlers | DEBUG | -1003065205593 | Функция harvest_callback() выполнена
2025-09-22 18:40:59 | handlers | DEBUG | -1003065205593 | 3 | 🌾 Собрано...
2025-09-22 18:40:59 | handlers | DEBUG | -1003065205593 | Функция harvest_callback() выполнена
2025-09-22 18:41:01 | handlers | DEBUG | -1003065205593 | 3 | 🌾 Собрано...
2025-09-22 18:41:01 | handlers | DEBUG | -1003065205593 | Функция harvest_callback() выполнена
2025-09-22 18:41:02 | handlers | DEBUG | -1003065205593 | 3 | 🌾 Собрано...
2025-09-22 18:41:03 | handlers | DEBUG | -1003065205593 | Функция harvest_callback() выполнена
2025-09-22 18:41:03 | handlers | DEBUG | -1003065205593 | 3 | 🌾 Собрано...
2025-09-22 18:41:03 | handlers | DEBUG | -1003065205593 | Функция harvest_callback() выполнена
2025-09-22 18:41:05 | handlers | DEBUG | -1003065205593 | 3 | 🌾 Собрано...
2025-09-22 18:41:05 | handlers | DEBUG | -1003065205593 | Функция harvest_callback() выполнена
2025-09-22 18:41:08 | handlers | DEBUG | -1003065205593 | 3 | 🌾 Собрано...
2025-09-22 18:41:08 | handlers | DEBUG | -1003065205593 | Функция harvest_callback() выполнена
2025-09-22 18:41:09 | handlers | DEBUG | -1003065205593 | 3 | 🌾 Собрано...
2025-09-22 18:41:09 | handlers | DEBUG | -1003065205593 | Функция harvest_callback() выполнена
2025-09-22 18:41:10 | handlers | DEBUG | -1003065205593 | 3 | 🌾 Собрано...
2025-09-22 18:41:10 | handlers | DEBUG | -1003065205593 | Функция harvest_callback() выполнена
2025-09-22 18:41:12 | handlers | DEBUG | -1003065205593 | 3 | 🌾 Собрано...
2025-09-22 18:41:12 | handlers | DEBUG | -1003065205593 | Функция harvest_callback() выполнена
2025-09-22 18:41:13 | handlers | DEBUG | -1003065205593 | 3 | 🌾 Собрано...
2025-09-22 18:41:13 | handlers | DEBUG | -1003065205593 | Функция harvest_callback() выполнена
2025-09-22 18:41:15 | handlers | DEBUG | -1003065205593 | 3 | 🌾 Собрано...
2025-09-22 18:41:15 | handlers | DEBUG | -1003065205593 | Функция harvest_callback() выполнена
2025-09-22 18:41:16 | handlers | DEBUG | -1003065205593 | 3 | 🌾 Собрано...
2025-09-22 18:41:16 | handlers | DEBUG | -1003065205593 | Функция harvest_callback() выполнена
2025-09-22 18:41:18 | handlers | DEBUG | -1003065205593 | 3 | 💼 Работа завершена!
2025-09-22 18:41:18 | handlers | DEBUG | -1003065205593 | Функция harvest_callback() выполнена
2025-09-22 18:42:00 | handlers | DEBUG | -1003065205593 | Функция me_command() выполнена
2025-09-22 18:42:05 | handlers | DEBUG | -1003065205593 | Функция inventory_command() выполнена
2025-09-22 18:42:09 | handlers | DEBUG | -1003065205593 | Функция prof_command() выполнена
2025-09-22 18:49:25 | handlers | DEBUG | -1003065205593 | Функция my_id_command() выполнена
2025-09-22 18:50:09 | handlers | DEBUG | 5195134444 | Функция my_id_command() выполнена
2025-09-22 18:56:56 | handlers | DEBUG | -1003065205593 | Функция my_id_command() выполнена
2025-09-22 18:57:22 | handlers | DEBUG | -1003065205593 | Функция me_command() выполнена
2025-09-22 19:10:20 | handlers | DEBUG | -1003065205593 | Функция my_id_command() выполнена
2025-09-22 19:13:37 | handlers | DEBUG | -1003065205593 | Функция my_id_command() выполнена
2025-09-22 19:13:52 | handlers | DEBUG | -1003065205593 | 4 | 🌾 Собрано...
2025-09-22 19:13:52 | handlers | DEBUG | -1003065205593 | Функция harvest_callback() выполнена
2025-09-22 19:13:58 | handlers | DEBUG | -1003065205593 | 4 | 🌾 Собрано...
2025-09-22 19:13:58 | handlers | DEBUG | -1003065205593 | Функция harvest_callback() выполнена
2025-09-22 19:14:01 | handlers | DEBUG | -1003065205593 | 4 | 🌾 Собрано...
2025-09-22 19:14:01 | handlers | DEBUG | -1003065205593 | Функция harvest_callback() выполнена
2025-09-22 19:14:03 | handlers | DEBUG | -1003065205593 | 4 | 🌾 Собрано...
2025-09-22 19:14:04 | handlers | DEBUG | -1003065205593 | Функция harvest_callback() выполнена
2025-09-22 19:14:06 | handlers | DEBUG | -1003065205593 | 4 | 🌾 Собрано...
2025-09-22 19:14:06 | handlers | DEBUG | -1003065205593 | Функция harvest_callback() выполнена
2025-09-22 19:14:08 | handlers | DEBUG | -1003065205593 | 4 | 🌾 Собрано...
2025-09-22 19:14:08 | handlers | DEBUG | -1003065205593 | Функция harvest_callback() выполнена
2025-09-22 19:14:10 | handlers | DEBUG | -1003065205593 | 4 | 🌾 Собрано...
2025-09-22 19:14:10 | handlers | DEBUG | -1003065205593 | Функция harvest_callback() выполнена
2025-09-22 19:14:12 | handlers | DEBUG | -1003065205593 | 4 | 🌾 Собрано...
2025-09-22 19:14:12 | handlers | DEBUG | -1003065205593 | Функция harvest_callback() выполнена
2025-09-22 19:14:13 | handlers | DEBUG | -1003065205593 | 4 | 🌾 Собрано...
2025-09-22 19:14:13 | handlers | DEBUG | -1003065205593 | Функция harvest_callback() выполнена
2025-09-22 19:14:14 | handlers | DEBUG | -1003065205593 | 4 | 🌾 Собрано...
2025-09-22 19:14:15 | handlers | DEBUG | -1003065205593 | Функция harvest_callback() выполнена
2025-09-22 19:14:16 | handlers | DEBUG | -1003065205593 | 4 | 🌾 Собрано...
2025-09-22 19:14:16 | handlers | DEBUG | -1003065205593 | Функция harvest_callback() выполнена
2025-09-22 19:14:17 | handlers | DEBUG | -1003065205593 | 4 | 🌾 Собрано...
2025-09-22 19:14:17 | handlers | DEBUG | -1003065205593 | Функция harvest_callback() выполнена
2025-09-22 19:14:18 | handlers | DEBUG | -1003065205593 | 4 | 🌾 Собрано...
2025-09-22 19:14:18 | handlers | DEBUG | -1003065205593 | Функция harvest_callback() выполнена
2025-09-22 19:14:20 | handlers | DEBUG | -1003065205593 | 4 | 🌾 Собрано...
2025-09-22 19:14:20 | handlers | DEBUG | -1003065205593 | Функция harvest_callback() выполнена
2025-09-22 19:14:21 | handlers | DEBUG | -1003065205593 | 4 | 🌾 Собрано...
2025-09-22 19:14:21 | handlers | DEBUG | -1003065205593 | Функция harvest_callback() выполнена
2025-09-22 19:14:24 | handlers | DEBUG | -1003065205593 | 4 | 🌾 Собрано...
2025-09-22 19:14:24 | handlers | DEBUG | -1003065205593 | Функция harvest_callback() выполнена
2025-09-22 19:14:25 | handlers | DEBUG | -1003065205593 | 4 | 🌾 Собрано...
2025-09-22 19:14:25 | handlers | DEBUG | -1003065205593 | Функция harvest_callback() выполнена
2025-09-22 19:14:28 | handlers | DEBUG | -1003065205593 | 4 | 💼 Работа завершена!
2025-09-22 19:14:29 | handlers | DEBUG | -1003065205593 | Функция harvest_callback() выполнена
2025-09-22 19:15:06 | handlers | DEBUG | -1003065205593 | Функция my_id_command() выполнена
2025-09-22 19:15:10 | handlers | DEBUG | -1003065205593 | Функция me_command() выполнена
2025-09-22 19:15:10 | handlers | DEBUG | -1003065205593 | Функция me_command() выполнена
2025-09-22 19:15:15 | handlers | DEBUG | -1003065205593 | Функция inventory_command() выполнена
2025-09-22 19:15:18 | handlers | DEBUG | -1003065205593 | Функция prof_command() выполнена
2025-09-22 19:17:38 | handlers | DEBUG | -1003065205593 | Функция prof_command() выполнена
2025-09-22 19:17:49 | handlers | DEBUG | -1003065205593 | 1 | 🌾 Собрано...
2025-09-22 19:17:49 | handlers | DEBUG | -1003065205593 | Функция harvest_callback() выполнена
2025-09-22 19:17:51 | handlers | DEBUG | -1003065205593 | 1 | 🌾 Собрано...
2025-09-22 19:17:51 | handlers | DEBUG | -1003065205593 | Функция harvest_callback() выполнена
2025-09-22 19:17:53 | handlers | DEBUG | -1003065205593 | 1 | 🌾 Собрано...
2025-09-22 19:17:53 | handlers | DEBUG | -1003065205593 | Функция harvest_callback() выполнена
2025-09-22 19:17:54 | handlers | DEBUG | -1003065205593 | 1 | 🌾 Собрано...
2025-09-22 19:17:54 | handlers | DEBUG | -1003065205593 | Функция harvest_callback() выполнена
2025-09-22 19:17:55 | handlers | DEBUG | -1003065205593 | 1 | 🌾 Собрано...
2025-09-22 19:17:55 | handlers | DEBUG | -1003065205593 | Функция harvest_callback() выполнена
2025-09-22 19:17:58 | handlers | DEBUG | -1003065205593 | 1 | 🌾 Собрано...
2025-09-22 19:17:58 | handlers | DEBUG | -1003065205593 | Функция harvest_callback() выполнена
2025-09-22 19:18:00 | handlers | DEBUG | -1003065205593 | 1 | 🌾 Собрано...
2025-09-22 19:18:00 | handlers | DEBUG | -1003065205593 | Функция harvest_callback() выполнена
2025-09-22 19:18:01 | handlers | DEBUG | -1003065205593 | 1 | 🌾 Собрано...
2025-09-22 19:18:02 | handlers | DEBUG | -1003065205593 | Функция harvest_callback() выполнена
2025-09-22 19:18:02 | handlers | DEBUG | -1003065205593 | 1 | 🌾 Собрано...
2025-09-22 19:18:03 | handlers | DEBUG | -1003065205593 | Функция harvest_callback() выполнена
2025-09-22 19:18:04 | handlers | DEBUG | -1003065205593 | 1 | 🌾 Собрано...
2025-09-22 19:18:04 | handlers | DEBUG | -1003065205593 | Функция harvest_callback() выполнена
2025-09-22 19:18:06 | handlers | DEBUG | -1003065205593 | 1 | 🌾 Собрано...
2025-09-22 19:18:06 | handlers | DEBUG | -1003065205593 | Функция harvest_callback() выполнена
2025-09-22 19:18:07 | handlers | DEBUG | -1003065205593 | 1 | 🌾 Собрано...
2025-09-22 19:18:07 | handlers | DEBUG | -1003065205593 | Функция harvest_callback() выполнена
2025-09-22 19:18:08 | handlers | DEBUG | -1003065205593 | 1 | 💼 Работа завершена!
2025-09-22 19:18:08 | handlers | DEBUG | -1003065205593 | Функция harvest_callback() выполнена
2025-09-22 19:18:45 | handlers | DEBUG | -1003065205593 | Функция me_command() выполнена
2025-09-22 19:18:49 | handlers | DEBUG | -1003065205593 | Функция prof_command() выполнена
2025-09-22 19:19:56 | handlers | DEBUG | -1003065205593 | Функция overtime_command() выполнена
2025-09-22 19:22:39 | handlers | DEBUG | -1003065205593 | Функция inventory_command() выполнена
2025-09-22 19:23:00 | handlers | DEBUG | -1003065205593 | Функция inventory_command() выполнена
2025-09-22 19:23:25 | handlers | DEBUG | -1003065205593 | Функция me_command() выполнена
2025-09-22 19:23:30 | handlers | DEBUG | -1003065205593 | Функция overtime_command() выполнена
2025-09-22 19:23:32 | handlers | DEBUG | -1003065205593 | 1 | 🔄 Квота обновлена: 0/10
2025-09-22 19:23:32 | handlers | DEBUG | -1003065205593 | Функция overtime_take() выполнена
2025-09-22 19:23:41 | handlers | DEBUG | -1003065205593 | Функция overtime_command() выполнена
2025-09-22 19:25:52 | handlers | DEBUG | -1003065205593 | Функция overtime_command() выполнена
2025-09-22 19:30:54 | handlers | DEBUG | -1003065205593 | Функция me_command() выполнена
2025-09-22 19:36:49 | handlers | DEBUG | -1003065205593 | Функция inventory_command() выполнена
2025-09-22 19:36:52 | handlers | DEBUG | -1003065205593 | Функция me_command() выполнена
2025-09-22 19:36:56 | handlers | DEBUG | -1003065205593 | Функция overtime_command() выполнена
2025-09-22 19:36:58 | handlers | DEBUG | -1003065205593 | 3 | 🔄 Квота обновлена: 0/8
2025-09-22 19:36:58 | handlers | DEBUG | -1003065205593 | Функция overtime_take() выполнена
2025-09-22 19:37:07 | handlers | DEBUG | -1003065205593 | Функция cosmetics_command() выполнена
2025-09-22 19:42:21 | handlers | DEBUG | -1003065205593 | Функция prof_command() выполнена
2025-09-22 19:45:35 | handlers | DEBUG | -1003065205593 | Функция prof_command() выполнена
2025-09-22 19:45:35 | handlers | DEBUG | -1003065205593 | Функция prof_command() выполнена
2025-09-22 19:45:36 | handlers | DEBUG | -1003065205593 | Функция prof_command() выполнена
2025-09-22 19:47:23 | handlers | DEBUG | -1003065205593 | 2 | 💼 Выбрана профессия: Знахарь
2025-09-22 19:47:23 | handlers | DEBUG | -1003065205593 | Функция select_prof_callback() выполнена
2025-09-22 19:47:29 | handlers | DEBUG | -1003065205593 | 3 | 🌾 Собрано...
2025-09-22 19:47:29 | handlers | DEBUG | -1003065205593 | Функция harvest_callback() выполнена
2025-09-22 19:47:32 | handlers | DEBUG | -1003065205593 | 3 | 🌾 Собрано...
2025-09-22 19:47:32 | handlers | DEBUG | -1003065205593 | Функция harvest_callback() выполнена
2025-09-22 19:47:35 | handlers | DEBUG | -1003065205593 | 3 | 🌾 Собрано...
2025-09-22 19:47:35 | handlers | DEBUG | -1003065205593 | Функция harvest_callback() выполнена
2025-09-22 19:47:37 | handlers | DEBUG | -1003065205593 | 3 | 🌾 Собрано...
2025-09-22 19:47:37 | handlers | DEBUG | -1003065205593 | Функция harvest_callback() выполнена
2025-09-22 19:47:38 | handlers | DEBUG | -1003065205593 | 3 | 🌾 Собрано...
2025-09-22 19:47:38 | handlers | DEBUG | -1003065205593 | Функция harvest_callback() выполнена
2025-09-22 19:47:40 | handlers | DEBUG | -1003065205593 | 3 | 🌾 Собрано...
2025-09-22 19:47:40 | handlers | DEBUG | -1003065205593 | Функция harvest_callback() выполнена
2025-09-22 19:47:42 | handlers | DEBUG | -1003065205593 | 3 | 🌾 Собрано...
2025-09-22 19:47:42 | handlers | DEBUG | -1003065205593 | Функция harvest_callback() выполнена
2025-09-22 19:47:44 | handlers | DEBUG | -1003065205593 | 3 | 🌾 Собрано...
2025-09-22 19:47:44 | handlers | DEBUG | -1003065205593 | Функция harvest_callback() выполнена
2025-09-22 19:47:46 | handlers | DEBUG | -1003065205593 | 3 | 💼 Работа завершена!
2025-09-22 19:47:46 | handlers | DEBUG | -1003065205593 | Функция harvest_callback() выполнена
2025-09-22 19:51:46 | handlers | DEBUG | -1003065205593 | 2 | 🌾 Собрано...
2025-09-22 19:51:47 | handlers | DEBUG | -1003065205593 | Функция harvest_callback() выполнена
2025-09-22 19:51:48 | handlers | DEBUG | -1003065205593 | 2 | 🌾 Собрано...
2025-09-22 19:51:48 | handlers | DEBUG | -1003065205593 | Функция harvest_callback() выполнена
2025-09-22 19:51:49 | handlers | DEBUG | -1003065205593 | 2 | 🌾 Собрано...
2025-09-22 19:51:49 | handlers | DEBUG | -1003065205593 | Функция harvest_callback() выполнена
2025-09-22 19:51:51 | handlers | DEBUG | -1003065205593 | 2 | 🌾 Собрано...
2025-09-22 19:51:51 | handlers | DEBUG | -1003065205593 | Функция harvest_callback() выполнена
2025-09-22 19:51:53 | handlers | DEBUG | -1003065205593 | 2 | 🌾 Собрано...
2025-09-22 19:51:53 | handlers | DEBUG | -1003065205593 | Функция harvest_callback() выполнена
2025-09-22 19:51:55 | handlers | DEBUG | -1003065205593 | 2 | 🌾 Собрано...
2025-09-22 19:51:55 | handlers | DEBUG | -1003065205593 | Функция harvest_callback() выполнена
2025-09-22 19:51:57 | handlers | DEBUG | -1003065205593 | 2 | 🌾 Собрано...
2025-09-22 19:51:57 | handlers | DEBUG | -1003065205593 | Функция harvest_callback() выполнена
2025-09-22 19:51:59 | handlers | DEBUG | -1003065205593 | 2 | 🌾 Собрано...
2025-09-22 19:51:59 | handlers | DEBUG | -1003065205593 | Функция harvest_callback() выполнена
2025-09-22 19:52:01 | handlers | DEBUG | -1003065205593 | 2 | 💼 Работа завершена!
2025-09-22 19:52:01 | handlers | DEBUG | -1003065205593 | Функция harvest_callback() выполнена
2025-09-22 19:52:55 | handlers | DEBUG | -1003065205593 | 2 | 🌾 Собрано...
2025-09-22 19:52:55 | handlers | DEBUG | -1003065205593 | Функция harvest_callback() выполнена
2025-09-22 19:52:57 | handlers | DEBUG | -1003065205593 | 2 | 🌾 Собрано...
2025-09-22 19:52:57 | handlers | DEBUG | -1003065205593 | Функция harvest_callback() выполнена
2025-09-22 19:52:59 | handlers | DEBUG | -1003065205593 | 2 | 🌾 Собрано...
2025-09-22 19:53:00 | handlers | DEBUG | -1003065205593 | Функция harvest_callback() выполнена
2025-09-22 19:53:01 | handlers | DEBUG | -1003065205593 | 2 | 🌾 Собрано...
2025-09-22 19:53:01 | handlers | DEBUG | -1003065205593 | Функция harvest_callback() выполнена
2025-09-22 19:53:03 | handlers | DEBUG | -1003065205593 | 2 | 🌾 Собрано...
2025-09-22 19:53:04 | handlers | DEBUG | -1003065205593 | Функция harvest_callback() выполнена
2025-09-22 19:53:05 | handlers | DEBUG | -1003065205593 | 2 | 🌾 Собрано...
2025-09-22 19:53:05 | handlers | DEBUG | -1003065205593 | Функция harvest_callback() выполнена
2025-09-22 19:53:07 | handlers | DEBUG | -1003065205593 | 2 | 🌾 Собрано...
2025-09-22 19:53:07 | handlers | DEBUG | -1003065205593 | Функция harvest_callback() выполнена
2025-09-22 19:53:09 | handlers | DEBUG | -1003065205593 | 2 | 🌾 Собрано...
2025-09-22 19:53:09 | handlers | DEBUG | -1003065205593 | Функция harvest_callback() выполнена
2025-09-22 19:53:10 | handlers | DEBUG | -1003065205593 | 2 | 🌾 Собрано...
2025-09-22 19:53:10 | handlers | DEBUG | -1003065205593 | Функция harvest_callback() выполнена
2025-09-22 19:53:12 | handlers | DEBUG | -1003065205593 | 2 | 🌾 Собрано...
2025-09-22 19:53:12 | handlers | DEBUG | -1003065205593 | Функция harvest_callback() выполнена
2025-09-22 19:53:13 | handlers | DEBUG | -1003065205593 | 2 | 🌾 Собрано...
2025-09-22 19:53:13 | handlers | DEBUG | -1003065205593 | Функция harvest_callback() выполнена
2025-09-22 19:53:14 | handlers | DEBUG | -1003065205593 | 2 | 🌾 Собрано...
2025-09-22 19:53:14 | handlers | DEBUG | -1003065205593 | Функция harvest_callback() выполнена
2025-09-22 19:53:16 | handlers | DEBUG | -1003065205593 | 2 | 💼 Работа завершена!
2025-09-22 19:53:16 | handlers | DEBUG | -1003065205593 | Функция harvest_callback() выполнена
2025-09-22 19:53:46 | handlers | DEBUG | -1003065205593 | 2 | 🌾 Собрано...
2025-09-22 19:53:46 | handlers | DEBUG | -1003065205593 | Функция harvest_callback() выполнена
2025-09-22 19:53:48 | handlers | DEBUG | -1003065205593 | 2 | 🌾 Собрано...
2025-09-22 19:53:48 | handlers | DEBUG | -1003065205593 | Функция harvest_callback() выполнена
2025-09-22 19:53:50 | handlers | DEBUG | -1003065205593 | 2 | 🌾 Собрано...
2025-09-22 19:53:50 | handlers | DEBUG | -1003065205593 | Функция harvest_callback() выполнена
2025-09-22 19:53:52 | handlers | DEBUG | -1003065205593 | 2 | 🌾 Собрано...
2025-09-22 19:53:52 | handlers | DEBUG | -1003065205593 | Функция harvest_callback() выполнена
2025-09-22 19:53:53 | handlers | DEBUG | -1003065205593 | 2 | 🌾 Собрано...
2025-09-22 19:53:54 | handlers | DEBUG | -1003065205593 | Функция harvest_callback() выполнена
2025-09-22 19:53:55 | handlers | DEBUG | -1003065205593 | 2 | 🌾 Собрано...
2025-09-22 19:53:55 | handlers | DEBUG | -1003065205593 | Функция harvest_callback() выполнена
2025-09-22 19:53:57 | handlers | DEBUG | -1003065205593 | 2 | 🌾 Собрано...
2025-09-22 19:53:57 | handlers | DEBUG | -1003065205593 | Функция harvest_callback() выполнена
2025-09-22 19:53:58 | handlers | DEBUG | -1003065205593 | 2 | 🌾 Собрано...
2025-09-22 19:53:58 | handlers | DEBUG | -1003065205593 | Функция harvest_callback() выполнена
2025-09-22 19:54:00 | handlers | DEBUG | -1003065205593 | 2 | 🌾 Собрано...
2025-09-22 19:54:00 | handlers | DEBUG | -1003065205593 | Функция harvest_callback() выполнена
2025-09-22 19:54:02 | handlers | DEBUG | -1003065205593 | 2 | 🌾 Собрано...
2025-09-22 19:54:02 | handlers | DEBUG | -1003065205593 | Функция harvest_callback() выполнена
2025-09-22 19:54:03 | handlers | DEBUG | -1003065205593 | 2 | 🌾 Собрано...
2025-09-22 19:54:03 | handlers | DEBUG | -1003065205593 | Функция harvest_callback() выполнена
2025-09-22 19:54:04 | handlers | DEBUG | -1003065205593 | 2 | 🌾 Собрано...
2025-09-22 19:54:04 | handlers | DEBUG | -1003065205593 | Функция harvest_callback() выполнена
2025-09-22 19:54:06 | handlers | DEBUG | -1003065205593 | 2 | 💼 Работа завершена!
2025-09-22 19:54:06 | handlers | DEBUG | -1003065205593 | Функция harvest_callback() выполнена
2025-09-22 19:54:45 | handlers | DEBUG | -1003065205593 | 2 | 🌾 Собрано...
2025-09-22 19:54:45 | handlers | DEBUG | -1003065205593 | Функция harvest_callback() выполнена
2025-09-22 19:54:48 | handlers | DEBUG | -1003065205593 | 2 | 🌾 Собрано...
2025-09-22 19:54:48 | handlers | DEBUG | -1003065205593 | Функция harvest_callback() выполнена
2025-09-22 19:54:50 | handlers | DEBUG | -1003065205593 | 2 | 🌾 Собрано...
2025-09-22 19:54:50 | handlers | DEBUG | -1003065205593 | Функция harvest_callback() выполнена
2025-09-22 19:54:51 | handlers | DEBUG | -1003065205593 | 2 | 🌾 Собрано...
2025-09-22 19:54:51 | handlers | DEBUG | -1003065205593 | Функция harvest_callback() выполнена
2025-09-22 19:54:53 | handlers | DEBUG | -1003065205593 | 2 | 🌾 Собрано...
2025-09-22 19:54:53 | handlers | DEBUG | -1003065205593 | Функция harvest_callback() выполнена
2025-09-22 19:54:55 | handlers | DEBUG | -1003065205593 | 2 | 🌾 Собрано...
2025-09-22 19:54:55 | handlers | DEBUG | -1003065205593 | Функция harvest_callback() выполнена
2025-09-22 19:54:57 | handlers | DEBUG | -1003065205593 | 2 | 🌾 Собрано...
2025-09-22 19:54:57 | handlers | DEBUG | -1003065205593 | Функция harvest_callback() выполнена
2025-09-22 19:54:58 | handlers | DEBUG | -1003065205593 | 2 | 🌾 Собрано...
2025-09-22 19:54:58 | handlers | DEBUG | -1003065205593 | Функция harvest_callback() выполнена
2025-09-22 19:55:00 | handlers | DEBUG | -1003065205593 | 2 | 🌾 Собрано...
2025-09-22 19:55:00 | handlers | DEBUG | -1003065205593 | Функция harvest_callback() выполнена
2025-09-22 19:55:03 | handlers | DEBUG | -1003065205593 | 2 | 💼 Работа завершена!
2025-09-22 19:55:03 | handlers | DEBUG | -1003065205593 | Функция harvest_callback() выполнена
2025-09-22 19:55:06 | handlers | DEBUG | -1003065205593 | Функция me_command() выполнена
2025-09-22 19:55:08 | handlers | DEBUG | -1003065205593 | Функция overtime_command() выполнена
2025-09-22 19:55:26 | handlers | DEBUG | -1003065205593 | 3 | 🌾 Собрано...
2025-09-22 19:55:26 | handlers | DEBUG | -1003065205593 | Функция harvest_callback() выполнена
2025-09-22 19:55:28 | handlers | DEBUG | -1003065205593 | 3 | 🌾 Собрано...
2025-09-22 19:55:28 | handlers | DEBUG | -1003065205593 | Функция harvest_callback() выполнена
2025-09-22 19:55:31 | handlers | DEBUG | -1003065205593 | 3 | 🌾 Собрано...
2025-09-22 19:55:31 | handlers | DEBUG | -1003065205593 | Функция harvest_callback() выполнена
2025-09-22 19:55:34 | handlers | DEBUG | -1003065205593 | 3 | 🌾 Собрано...
2025-09-22 19:55:34 | handlers | DEBUG | -1003065205593 | Функция harvest_callback() выполнена
2025-09-22 19:55:36 | handlers | DEBUG | -1003065205593 | 3 | 🌾 Собрано...
2025-09-22 19:55:36 | handlers | DEBUG | -1003065205593 | Функция harvest_callback() выполнена
2025-09-22 19:55:40 | handlers | DEBUG | -1003065205593 | 3 | 🌾 Собрано...
2025-09-22 19:55:40 | handlers | DEBUG | -1003065205593 | Функция harvest_callback() выполнена
2025-09-22 19:55:43 | handlers | DEBUG | -1003065205593 | 3 | 🌾 Собрано...
2025-09-22 19:55:43 | handlers | DEBUG | -1003065205593 | Функция harvest_callback() выполнена
2025-09-22 19:55:46 | handlers | DEBUG | -1003065205593 | 3 | 🌾 Собрано...
2025-09-22 19:55:46 | handlers | DEBUG | -1003065205593 | Функция harvest_callback() выполнена
2025-09-22 19:55:49 | handlers | DEBUG | -1003065205593 | 3 | 🌾 Собрано...
2025-09-22 19:55:50 | handlers | DEBUG | -1003065205593 | Функция harvest_callback() выполнена
2025-09-22 19:55:52 | handlers | DEBUG | -1003065205593 | 3 | 🌾 Собрано...
2025-09-22 19:55:52 | handlers | DEBUG | -1003065205593 | Функция harvest_callback() выполнена
2025-09-22 19:55:54 | handlers | DEBUG | -1003065205593 | 3 | 💼 Работа завершена!
2025-09-22 19:55:54 | handlers | DEBUG | -1003065205593 | Функция harvest_callback() выполнена
2025-09-22 19:56:00 | handlers | DEBUG | -1003065205593 | Функция start_command() выполнена
2025-09-22 19:56:02 | handlers | DEBUG | -1003065205593 | Функция me_command() выполнена
2025-09-22 19:56:05 | handlers | DEBUG | -1003065205593 | Функция overtime_command() выполнена
2025-09-22 19:57:43 | handlers | DEBUG | -1003065205593 | 2 | 🌾 Собрано...
2025-09-22 19:57:43 | handlers | DEBUG | -1003065205593 | Функция harvest_callback() выполнена
2025-09-22 19:57:45 | handlers | DEBUG | -1003065205593 | 2 | 🌾 Собрано...
2025-09-22 19:57:45 | handlers | DEBUG | -1003065205593 | Функция harvest_callback() выполнена
2025-09-22 19:57:47 | handlers | DEBUG | -1003065205593 | 2 | 🌾 Собрано...
2025-09-22 19:57:47 | handlers | DEBUG | -1003065205593 | Функция harvest_callback() выполнена
2025-09-22 19:57:49 | handlers | DEBUG | -1003065205593 | 2 | 🌾 Собрано...
2025-09-22 19:57:49 | handlers | DEBUG | -1003065205593 | Функция harvest_callback() выполнена
2025-09-22 19:57:51 | handlers | DEBUG | -1003065205593 | 2 | 🌾 Собрано...
2025-09-22 19:57:51 | handlers | DEBUG | -1003065205593 | Функция harvest_callback() выполнена
2025-09-22 19:57:52 | handlers | DEBUG | -1003065205593 | 2 | 🌾 Собрано...
2025-09-22 19:57:52 | handlers | DEBUG | -1003065205593 | Функция harvest_callback() выполнена
2025-09-22 19:57:54 | handlers | DEBUG | -1003065205593 | 2 | 🌾 Собрано...
2025-09-22 19:57:54 | handlers | DEBUG | -1003065205593 | Функция harvest_callback() выполнена
2025-09-22 19:57:56 | handlers | DEBUG | -1003065205593 | 2 | 🌾 Собрано...
2025-09-22 19:57:56 | handlers | DEBUG | -1003065205593 | Функция harvest_callback() выполнена
2025-09-22 19:57:57 | handlers | DEBUG | -1003065205593 | 2 | 🌾 Собрано...
2025-09-22 19:57:57 | handlers | DEBUG | -1003065205593 | Функция harvest_callback() выполнена
2025-09-22 19:58:00 | handlers | DEBUG | -1003065205593 | 2 | 🌾 Собрано...
2025-09-22 19:58:00 | handlers | DEBUG | -1003065205593 | Функция harvest_callback() выполнена
2025-09-22 19:58:02 | handlers | DEBUG | -1003065205593 | 2 | 🌾 Собрано...
2025-09-22 19:58:02 | handlers | DEBUG | -1003065205593 | Функция harvest_callback() выполнена
2025-09-22 19:58:04 | handlers | DEBUG | -1003065205593 | 2 | 🌾 Собрано...
2025-09-22 19:58:04 | handlers | DEBUG | -1003065205593 | Функция harvest_callback() выполнена
2025-09-22 19:58:05 | handlers | DEBUG | -1003065205593 | 2 | 💼 Работа завершена!
2025-09-22 19:58:05 | handlers | DEBUG | -1003065205593 | Функция harvest_callback() выполнена
2025-09-22 20:00:56 | handlers | DEBUG | -1003065205593 | 2 | 🌾 Собрано...
2025-09-22 20:00:56 | handlers | DEBUG | -1003065205593 | Функция harvest_callback() выполнена
2025-09-22 20:00:57 | handlers | DEBUG | -1003065205593 | 2 | 🌾 Собрано...
2025-09-22 20:00:57 | handlers | DEBUG | -1003065205593 | Функция harvest_callback() выполнена
2025-09-22 20:00:59 | handlers | DEBUG | -1003065205593 | 2 | 🌾 Собрано...
2025-09-22 20:00:59 | handlers | DEBUG | -1003065205593 | Функция harvest_callback() выполнена
2025-09-22 20:01:00 | handlers | DEBUG | -1003065205593 | 2 | 🌾 Собрано...
2025-09-22 20:01:00 | handlers | DEBUG | -1003065205593 | Функция harvest_callback() выполнена
2025-09-22 20:01:02 | handlers | DEBUG | -1003065205593 | 2 | 🌾 Собрано...
2025-09-22 20:01:02 | handlers | DEBUG | -1003065205593 | Функция harvest_callback() выполнена
2025-09-22 20:01:03 | handlers | DEBUG | -1003065205593 | 2 | 🌾 Собрано...
2025-09-22 20:01:03 | handlers | DEBUG | -1003065205593 | Функция harvest_callback() выполнена
2025-09-22 20:01:05 | handlers | DEBUG | -1003065205593 | 2 | 🌾 Собрано...
2025-09-22 20:01:05 | handlers | DEBUG | -1003065205593 | Функция harvest_callback() выполнена
2025-09-22 20:01:06 | handlers | DEBUG | -1003065205593 | 2 | 🌾 Собрано...
2025-09-22 20:01:06 | handlers | DEBUG | -1003065205593 | Функция harvest_callback() выполнена
2025-09-22 20:01:08 | handlers | DEBUG | -1003065205593 | 2 | 🌾 Собрано...
2025-09-22 20:01:08 | handlers | DEBUG | -1003065205593 | Функция harvest_callback() выполнена
2025-09-22 20:01:09 | handlers | DEBUG | -1003065205593 | 2 | 🌾 Собрано...
2025-09-22 20:01:09 | handlers | DEBUG | -1003065205593 | Функция harvest_callback() выполнена
2025-09-22 20:01:10 | handlers | DEBUG | -1003065205593 | 2 | 🌾 Собрано...
2025-09-22 20:01:10 | handlers | DEBUG | -1003065205593 | Функция harvest_callback() выполнена
2025-09-22 20:01:12 | handlers | DEBUG | -1003065205593 | 2 | 🌾 Собрано...
2025-09-22 20:01:12 | handlers | DEBUG | -1003065205593 | Функция harvest_callback() выполнена
2025-09-22 20:01:14 | handlers | DEBUG | -1003065205593 | 2 | 🌾 Собрано...
2025-09-22 20:01:14 | handlers | DEBUG | -1003065205593 | Функция harvest_callback() выполнена
2025-09-22 20:01:15 | handlers | DEBUG | -1003065205593 | 2 | 💼 Работа завершена!
2025-09-22 20:01:15 | handlers | DEBUG | -1003065205593 | Функция harvest_callback() выполнена
2025-09-22 20:03:06 | handlers | DEBUG | -1003065205593 | 2 | 🌾 Собрано...
2025-09-22 20:03:06 | handlers | DEBUG | -1003065205593 | Функция harvest_callback() выполнена
2025-09-22 20:03:08 | handlers | DEBUG | -1003065205593 | 2 | 🌾 Собрано...
2025-09-22 20:03:08 | handlers | DEBUG | -1003065205593 | Функция harvest_callback() выполнена
2025-09-22 20:03:10 | handlers | DEBUG | -1003065205593 | 2 | 🌾 Собрано...
2025-09-22 20:03:10 | handlers | DEBUG | -1003065205593 | Функция harvest_callback() выполнена
2025-09-22 20:03:11 | handlers | DEBUG | -1003065205593 | 2 | 🌾 Собрано...
2025-09-22 20:03:12 | handlers | DEBUG | -1003065205593 | Функция harvest_callback() выполнена
2025-09-22 20:03:13 | handlers | DEBUG | -1003065205593 | 2 | 🌾 Собрано...
2025-09-22 20:03:13 | handlers | DEBUG | -1003065205593 | Функция harvest_callback() выполнена
2025-09-22 20:03:14 | handlers | DEBUG | -1003065205593 | 2 | 🌾 Собрано...
2025-09-22 20:03:15 | handlers | DEBUG | -1003065205593 | Функция harvest_callback() выполнена
2025-09-22 20:03:16 | handlers | DEBUG | -1003065205593 | 2 | 🌾 Собрано...
2025-09-22 20:03:16 | handlers | DEBUG | -1003065205593 | Функция harvest_callback() выполнена
2025-09-22 20:03:17 | handlers | DEBUG | -1003065205593 | 2 | 🌾 Собрано...
2025-09-22 20:03:17 | handlers | DEBUG | -1003065205593 | Функция harvest_callback() выполнена
2025-09-22 20:03:19 | handlers | DEBUG | -1003065205593 | 2 | 🌾 Собрано...
2025-09-22 20:03:19 | handlers | DEBUG | -1003065205593 | Функция harvest_callback() выполнена
2025-09-22 20:03:20 | handlers | DEBUG | -1003065205593 | 2 | 🌾 Собрано...
2025-09-22 20:03:20 | handlers | DEBUG | -1003065205593 | Функция harvest_callback() выполнена
2025-09-22 20:03:22 | handlers | DEBUG | -1003065205593 | 2 | 🌾 Собрано...
2025-09-22 20:03:22 | handlers | DEBUG | -1003065205593 | Функция harvest_callback() выполнена
2025-09-22 20:03:24 | handlers | DEBUG | -1003065205593 | 2 | 🌾 Собрано...
2025-09-22 20:03:24 | handlers | DEBUG | -1003065205593 | Функция harvest_callback() выполнена
2025-09-22 20:03:26 | handlers | DEBUG | -1003065205593 | 2 | 🌾 Собрано...
2025-09-22 20:03:26 | handlers | DEBUG | -1003065205593 | Функция harvest_callback() выполнена
2025-09-22 20:03:28 | handlers | DEBUG | -1003065205593 | 2 | 🌾 Собрано...
2025-09-22 20:03:28 | handlers | DEBUG | -1003065205593 | Функция harvest_callback() выполнена
2025-09-22 20:03:30 | handlers | DEBUG | -1003065205593 | 2 | 🌾 Собрано...
2025-09-22 20:03:30 | handlers | DEBUG | -1003065205593 | Функция harvest_callback() выполнена
2025-09-22 20:03:33 | handlers | DEBUG | -1003065205593 | 2 | 🌾 Собрано...
2025-09-22 20:03:33 | handlers | DEBUG | -1003065205593 | Функция harvest_callback() выполнена
2025-09-22 20:03:35 | handlers | DEBUG | -1003065205593 | 2 | 🌾 Собрано...
2025-09-22 20:03:35 | handlers | DEBUG | -1003065205593 | Функция harvest_callback() выполнена
2025-09-22 20:03:37 | handlers | DEBUG | -1003065205593 | 2 | 💼 Работа завершена!
2025-09-22 20:03:37 | handlers | DEBUG | -1003065205593 | Функция harvest_callback() выполнена
2025-09-22 20:04:52 | handlers | DEBUG | -1003065205593 | 3 | 🌾 Собрано...
2025-09-22 20:04:52 | handlers | DEBUG | -1003065205593 | Функция harvest_callback() выполнена
2025-09-22 20:05:01 | handlers | DEBUG | -1003065205593 | 3 | 🌾 Собрано...
2025-09-22 20:05:01 | handlers | DEBUG | -1003065205593 | Функция harvest_callback() выполнена
2025-09-22 20:05:03 | handlers | DEBUG | -1003065205593 | 3 | 🌾 Собрано...
2025-09-22 20:05:03 | handlers | DEBUG | -1003065205593 | Функция harvest_callback() выполнена
2025-09-22 20:05:05 | handlers | DEBUG | -1003065205593 | 3 | 🌾 Собрано...
2025-09-22 20:05:05 | handlers | DEBUG | -1003065205593 | Функция harvest_callback() выполнена
2025-09-22 20:05:07 | handlers | DEBUG | -1003065205593 | 3 | 🌾 Собрано...
2025-09-22 20:05:07 | handlers | DEBUG | -1003065205593 | Функция harvest_callback() выполнена
2025-09-22 20:05:10 | handlers | DEBUG | -1003065205593 | 3 | 🌾 Собрано...
2025-09-22 20:05:10 | handlers | DEBUG | -1003065205593 | Функция harvest_callback() выполнена
2025-09-22 20:05:12 | handlers | DEBUG | -1003065205593 | 3 | 🌾 Собрано...
2025-09-22 20:05:12 | handlers | DEBUG | -1003065205593 | Функция harvest_callback() выполнена
2025-09-22 20:05:15 | handlers | DEBUG | -1003065205593 | 3 | 🌾 Собрано...
2025-09-22 20:05:15 | handlers | DEBUG | -1003065205593 | Функция harvest_callback() выполнена
2025-09-22 20:05:16 | handlers | DEBUG | -1003065205593 | 3 | 🌾 Собрано...
2025-09-22 20:05:16 | handlers | DEBUG | -1003065205593 | Функция harvest_callback() выполнена
2025-09-22 20:05:17 | handlers | DEBUG | -1003065205593 | 3 | 🌾 Собрано...
2025-09-22 20:05:18 | handlers | DEBUG | -1003065205593 | Функция harvest_callback() выполнена
2025-09-22 20:05:20 | handlers | DEBUG | -1003065205593 | 3 | 🌾 Собрано...
2025-09-22 20:05:20 | handlers | DEBUG | -1003065205593 | Функция harvest_callback() выполнена
2025-09-22 20:05:22 | handlers | DEBUG | -1003065205593 | 3 | 🌾 Собрано...
2025-09-22 20:05:22 | handlers | DEBUG | -1003065205593 | Функция harvest_callback() выполнена
2025-09-22 20:05:23 | handlers | DEBUG | -1003065205593 | 3 | 🌾 Собрано...
2025-09-22 20:05:23 | handlers | DEBUG | -1003065205593 | Функция harvest_callback() выполнена
2025-09-22 20:05:25 | handlers | DEBUG | -1003065205593 | 3 | 🌾 Собрано...
2025-09-22 20:05:25 | handlers | DEBUG | -1003065205593 | Функция harvest_callback() выполнена
2025-09-22 20:05:28 | handlers | DEBUG | -1003065205593 | 3 | 💼 Работа завершена!
2025-09-22 20:05:28 | handlers | DEBUG | -1003065205593 | Функция harvest_callback() выполнена
2025-09-22 20:05:48 | handlers | DEBUG | -1003065205593 | 2 | 🌾 Собрано...
2025-09-22 20:05:48 | handlers | DEBUG | -1003065205593 | Функция harvest_callback() выполнена
2025-09-22 20:05:50 | handlers | DEBUG | -1003065205593 | 2 | 🌾 Собрано...
2025-09-22 20:05:50 | handlers | DEBUG | -1003065205593 | Функция harvest_callback() выполнена
2025-09-22 20:05:52 | handlers | DEBUG | -1003065205593 | 2 | 🌾 Собрано...
2025-09-22 20:05:52 | handlers | DEBUG | -1003065205593 | Функция harvest_callback() выполнена
2025-09-22 20:05:54 | handlers | DEBUG | -1003065205593 | 2 | 🌾 Собрано...
2025-09-22 20:05:54 | handlers | DEBUG | -1003065205593 | Функция harvest_callback() выполнена
2025-09-22 20:05:57 | handlers | DEBUG | -1003065205593 | 2 | 🌾 Собрано...
2025-09-22 20:05:57 | handlers | DEBUG | -1003065205593 | Функция harvest_callback() выполнена
2025-09-22 20:06:00 | handlers | DEBUG | -1003065205593 | 2 | 🌾 Собрано...
2025-09-22 20:06:00 | handlers | DEBUG | -1003065205593 | Функция harvest_callback() выполнена
2025-09-22 20:06:02 | handlers | DEBUG | -1003065205593 | 2 | 🌾 Собрано...
2025-09-22 20:06:02 | handlers | DEBUG | -1003065205593 | Функция harvest_callback() выполнена
2025-09-22 20:06:06 | handlers | DEBUG | -1003065205593 | 2 | 💼 Работа завершена!
2025-09-22 20:06:06 | handlers | DEBUG | -1003065205593 | Функция harvest_callback() выполнена
2025-09-22 20:08:40 | handlers | DEBUG | -1003065205593 | 2 | 🌾 Собрано...
2025-09-22 20:08:40 | handlers | DEBUG | -1003065205593 | Функция harvest_callback() выполнена
2025-09-22 20:08:43 | handlers | DEBUG | -1003065205593 | 2 | 🌾 Собрано...
2025-09-22 20:08:43 | handlers | DEBUG | -1003065205593 | Функция harvest_callback() выполнена
2025-09-22 20:08:45 | handlers | DEBUG | -1003065205593 | 2 | 🌾 Собрано...
2025-09-22 20:08:45 | handlers | DEBUG | -1003065205593 | Функция harvest_callback() выполнена
2025-09-22 20:08:47 | handlers | DEBUG | -1003065205593 | 2 | 🌾 Собрано...
2025-09-22 20:08:47 | handlers | DEBUG | -1003065205593 | Функция harvest_callback() выполнена
2025-09-22 20:08:48 | handlers | DEBUG | -1003065205593 | 2 | 🌾 Собрано...
2025-09-22 20:08:48 | handlers | DEBUG | -1003065205593 | Функция harvest_callback() выполнена
2025-09-22 20:08:50 | handlers | DEBUG | -1003065205593 | 2 | 🌾 Собрано...
2025-09-22 20:08:50 | handlers | DEBUG | -1003065205593 | Функция harvest_callback() выполнена
2025-09-22 20:08:52 | handlers | DEBUG | -1003065205593 | 2 | 🌾 Собрано...
2025-09-22 20:08:52 | handlers | DEBUG | -1003065205593 | Функция harvest_callback() выполнена
2025-09-22 20:08:53 | handlers | DEBUG | -1003065205593 | 2 | 🌾 Собрано...
2025-09-22 20:08:54 | handlers | DEBUG | -1003065205593 | Функция harvest_callback() выполнена
2025-09-22 20:08:55 | handlers | DEBUG | -1003065205593 | 2 | 💼 Работа завершена!
2025-09-22 20:08:55 | handlers | DEBUG | -1003065205593 | Функция harvest_callback() выполнена
2025-09-22 20:21:08 | handlers | DEBUG | -1003065205593 | 2 | 🎯 Попадание! 1/3
2025-09-22 20:21:08 | handlers | DEBUG | -1003065205593 | Функция hitter_callback() выполнена
2025-09-22 20:21:26 | handlers | DEBUG | -1003065205593 | 2 | ➡️ Переход к следующему шагу
2025-09-22 20:21:26 | handlers | DEBUG | -1003065205593 | Функция hitter_callback() выполнена
2025-09-22 20:21:44 | handlers | DEBUG | -1003065205593 | 2 | ⏰ Таймер запущен!
2025-09-22 20:21:44 | handlers | DEBUG | -1003065205593 | Функция timer_callback() выполнена
2025-09-22 20:21:47 | handlers | DEBUG | -1003065205593 | Функция timer_callback() выполнена
2025-09-22 20:21:50 | handlers | DEBUG | -1003065205593 | Функция timer_callback() выполнена
2025-09-22 20:23:01 | handlers | DEBUG | -1003065205593 | 2 | 💼 Работа завершена!
2025-09-22 20:23:01 | handlers | DEBUG | -1003065205593 | Функция timer_callback() выполнена
2025-09-22 20:23:37 | handlers | DEBUG | -1003065205593 | Функция inventory_command() выполнена
2025-09-22 20:42:15 | handlers | DEBUG | -1003065205593 | Функция me_command() выполнена
2025-09-22 20:49:31 | handlers | DEBUG | -1003065205593 | Функция me_command() выполнена
2025-09-22 20:50:14 | handlers | DEBUG | -1003065205593 | 1 | 🌾 Собрано...
2025-09-22 20:50:14 | handlers | DEBUG | -1003065205593 | Функция harvest_callback() выполнена
2025-09-22 20:50:16 | handlers | DEBUG | -1003065205593 | 1 | 🌾 Собрано...
2025-09-22 20:50:17 | handlers | DEBUG | -1003065205593 | Функция harvest_callback() выполнена
2025-09-22 20:50:19 | handlers | DEBUG | -1003065205593 | 1 | 🌾 Собрано...
2025-09-22 20:50:19 | handlers | DEBUG | -1003065205593 | Функция harvest_callback() выполнена
2025-09-22 20:50:20 | handlers | DEBUG | -1003065205593 | 1 | 🌾 Собрано...
2025-09-22 20:50:20 | handlers | DEBUG | -1003065205593 | Функция harvest_callback() выполнена
2025-09-22 20:50:22 | handlers | DEBUG | -1003065205593 | 1 | 🌾 Собрано...
2025-09-22 20:50:22 | handlers | DEBUG | -1003065205593 | Функция harvest_callback() выполнена
2025-09-22 20:50:24 | handlers | DEBUG | -1003065205593 | 1 | 🌾 Собрано...
2025-09-22 20:50:24 | handlers | DEBUG | -1003065205593 | Функция harvest_callback() выполнена
2025-09-22 20:50:26 | handlers | DEBUG | -1003065205593 | 1 | 🌾 Собрано...
2025-09-22 20:50:26 | handlers | DEBUG | -1003065205593 | Функция harvest_callback() выполнена
2025-09-22 20:50:27 | handlers | DEBUG | -1003065205593 | 1 | 🌾 Собрано...
2025-09-22 20:50:27 | handlers | DEBUG | -1003065205593 | Функция harvest_callback() выполнена
2025-09-22 20:50:30 | handlers | DEBUG | -1003065205593 | 1 | 🌾 Собрано...
2025-09-22 20:50:30 | handlers | DEBUG | -1003065205593 | Функция harvest_callback() выполнена
2025-09-22 20:50:31 | handlers | DEBUG | -1003065205593 | 1 | 🌾 Собрано...
2025-09-22 20:50:32 | handlers | DEBUG | -1003065205593 | Функция harvest_callback() выполнена
2025-09-22 20:50:34 | handlers | DEBUG | -1003065205593 | 1 | 🌾 Собрано...
2025-09-22 20:50:34 | handlers | DEBUG | -1003065205593 | Функция harvest_callback() выполнена
2025-09-22 20:50:36 | handlers | DEBUG | -1003065205593 | 1 | 💼 Работа завершена!
2025-09-22 20:50:37 | handlers | DEBUG | -1003065205593 | Функция harvest_callback() выполнена
2025-09-22 21:13:15 | handlers | DEBUG | -1003065205593 | Функция start_command() выполнена
2025-09-22 21:13:38 | handlers | DEBUG | -1003065205593 | Функция settings_command() выполнена
2025-09-22 21:13:43 | handlers | DEBUG | -1003065205593 | Функция settings_callback() выполнена
2025-09-22 21:13:45 | handlers | DEBUG | -1003065205593 | Функция settings_callback() выполнена
2025-09-22 21:16:36 | handlers | DEBUG | -1003065205593 | Функция me_command() выполнена
2025-09-22 21:16:47 | handlers | DEBUG | -1003065205593 | Функция me_command() выполнена
2025-09-22 21:16:50 | handlers | DEBUG | -1003065205593 | Функция start_command() выполнена
2025-09-22 21:16:53 | handlers | DEBUG | -1003065205593 | Функция settings_command() выполнена
2025-09-22 21:16:55 | handlers | DEBUG | -1003065205593 | Функция settings_callback() выполнена
2025-09-22 21:16:56 | handlers | DEBUG | -1003065205593 | Функция me_command() выполнена
2025-09-22 21:17:29 | handlers | DEBUG | -1003065205593 | Функция settings_command() выполнена
2025-09-22 21:17:36 | handlers | DEBUG | -1003065205593 | Функция me_command() выполнена
2025-09-22 21:18:53 | handlers | DEBUG | -1003065205593 | Функция prof_command() выполнена
2025-09-22 21:19:24 | handlers | DEBUG | -1003065205593 | Функция prof_command() выполнена
2025-09-22 21:19:27 | handlers | DEBUG | -1003065205593 | Функция my_id_command() выполнена
2025-09-22 21:19:30 | handlers | DEBUG | -1003065205593 | 1 | 💼 Выбрана профессия: Землепашец
2025-09-22 21:19:30 | handlers | DEBUG | -1003065205593 | Функция select_prof_callback() выполнена
2025-09-22 21:19:39 | handlers | DEBUG | -1003065205593 | Функция work_command() выполнена
2025-09-22 21:19:44 | handlers | DEBUG | -1003065205593 | 1 | 🌾 Собрано...
2025-09-22 21:19:44 | handlers | DEBUG | -1003065205593 | Функция harvest_callback() выполнена
2025-09-22 21:19:47 | handlers | DEBUG | -1003065205593 | Функция my_id_command() выполнена
2025-09-22 21:19:48 | handlers | DEBUG | -1003065205593 | 1 | 🌾 Собрано...
2025-09-22 21:19:48 | handlers | DEBUG | -1003065205593 | Функция harvest_callback() выполнена
2025-09-22 21:19:49 | handlers | DEBUG | -1003065205593 | 1 | 🌾 Собрано...
2025-09-22 21:19:49 | handlers | DEBUG | -1003065205593 | Функция harvest_callback() выполнена
2025-09-22 21:19:51 | handlers | DEBUG | -1003065205593 | 1 | 🌾 Собрано...
2025-09-22 21:19:51 | handlers | DEBUG | -1003065205593 | Функция harvest_callback() выполнена
2025-09-22 21:19:52 | handlers | DEBUG | -1003065205593 | 1 | 🌾 Собрано...
2025-09-22 21:19:52 | handlers | DEBUG | -1003065205593 | Функция harvest_callback() выполнена
2025-09-22 21:19:54 | handlers | DEBUG | -1003065205593 | 1 | 🌾 Собрано...
2025-09-22 21:19:54 | handlers | DEBUG | -1003065205593 | Функция harvest_callback() выполнена
2025-09-22 21:19:55 | handlers | DEBUG | -1003065205593 | 1 | 🌾 Собрано...
2025-09-22 21:19:55 | handlers | DEBUG | -1003065205593 | Функция harvest_callback() выполнена
2025-09-22 21:19:57 | handlers | DEBUG | -1003065205593 | 1 | 🌾 Собрано...
2025-09-22 21:19:57 | handlers | DEBUG | -1003065205593 | Функция harvest_callback() выполнена
2025-09-22 21:19:58 | handlers | DEBUG | -1003065205593 | 1 | 🌾 Собрано...
2025-09-22 21:19:58 | handlers | DEBUG | -1003065205593 | Функция harvest_callback() выполнена
2025-09-22 21:19:59 | handlers | DEBUG | -1003065205593 | Функция my_id_command() выполнена
2025-09-22 21:19:59 | handlers | DEBUG | -1003065205593 | 1 | 🌾 Собрано...
2025-09-22 21:20:00 | handlers | DEBUG | -1003065205593 | Функция harvest_callback() выполнена
2025-09-22 21:20:01 | handlers | DEBUG | -1003065205593 | 1 | 🌾 Собрано...
2025-09-22 21:20:01 | handlers | DEBUG | -1003065205593 | Функция harvest_callback() выполнена
2025-09-22 21:20:02 | handlers | DEBUG | -1003065205593 | 1 | 💼 Работа завершена!
2025-09-22 21:20:02 | handlers | DEBUG | -1003065205593 | Функция harvest_callback() выполнена
2025-09-22 21:20:26 | handlers | DEBUG | -1003065205593 | Функция me_command() выполнена
2025-09-22 21:20:26 | handlers | DEBUG | 1402328363 | Функция my_id_command() выполнена
2025-09-22 21:20:28 | handlers | DEBUG | -1003065205593 | Функция prof_command() выполнена
2025-09-22 21:20:30 | handlers | DEBUG | -1003065205593 | 3 | 💼 Выбрана профессия: Землепашец
2025-09-22 21:20:30 | handlers | DEBUG | -1003065205593 | Функция select_prof_callback() выполнена
2025-09-22 21:20:32 | handlers | DEBUG | 1402328363 | Функция my_id_command() выполнена
2025-09-22 21:20:33 | handlers | DEBUG | 1402328363 | Функция my_id_command() выполнена
2025-09-22 21:20:33 | handlers | DEBUG | -1003065205593 | Функция work_command() выполнена
2025-09-22 21:20:35 | handlers | DEBUG | 1402328363 | Функция my_id_command() выполнена
2025-09-22 21:20:35 | handlers | DEBUG | -1003065205593 | 3 | 🌾 Собрано...
2025-09-22 21:20:35 | handlers | DEBUG | -1003065205593 | Функция harvest_callback() выполнена
2025-09-22 21:20:37 | handlers | DEBUG | -1003065205593 | 3 | 🌾 Собрано...
2025-09-22 21:20:37 | handlers | DEBUG | -1003065205593 | Функция harvest_callback() выполнена
2025-09-22 21:20:37 | handlers | DEBUG | 1402328363 | Функция my_id_command() выполнена
2025-09-22 21:20:39 | handlers | DEBUG | 1402328363 | Функция my_id_command() выполнена
2025-09-22 21:20:39 | handlers | DEBUG | -1003065205593 | 3 | 🌾 Собрано...
2025-09-22 21:20:39 | handlers | DEBUG | -1003065205593 | Функция harvest_callback() выполнена
2025-09-22 21:20:40 | handlers | DEBUG | 1402328363 | Функция my_id_command() выполнена
2025-09-22 21:20:41 | handlers | DEBUG | 1402328363 | Функция my_id_command() выполнена
2025-09-22 21:20:43 | handlers | DEBUG | -1003065205593 | 3 | 🌾 Собрано...
2025-09-22 21:20:43 | handlers | DEBUG | -1003065205593 | Функция harvest_callback() выполнена
2025-09-22 21:20:44 | handlers | DEBUG | 1402328363 | Функция my_id_command() выполнена
2025-09-22 21:20:45 | handlers | DEBUG | -1003065205593 | 3 | 🌾 Собрано...
2025-09-22 21:20:45 | handlers | DEBUG | -1003065205593 | Функция harvest_callback() выполнена
2025-09-22 21:20:47 | handlers | DEBUG | -1003065205593 | 3 | 🌾 Собрано...
2025-09-22 21:20:47 | handlers | DEBUG | -1003065205593 | Функция harvest_callback() выполнена
2025-09-22 21:20:48 | handlers | DEBUG | -1003065205593 | 3 | 🌾 Собрано...
2025-09-22 21:20:48 | handlers | DEBUG | -1003065205593 | Функция harvest_callback() выполнена
2025-09-22 21:20:50 | handlers | DEBUG | -1003065205593 | 3 | 🌾 Собрано...
2025-09-22 21:20:50 | handlers | DEBUG | -1003065205593 | Функция harvest_callback() выполнена
2025-09-22 21:20:52 | handlers | DEBUG | -1003065205593 | 3 | 💼 Работа завершена!
2025-09-22 21:20:52 | handlers | DEBUG | -1003065205593 | Функция harvest_callback() выполнена
2025-09-22 21:21:00 | handlers | DEBUG | -1003065205593 | Функция inventory_command() выполнена
2025-09-22 21:21:11 | handlers | DEBUG | -1003065205593 | Функция prof_command() выполнена
2025-09-22 21:21:14 | handlers | DEBUG | -1003065205593 | 3 | 💼 Выбрана профессия: Знахарь
2025-09-22 21:21:14 | handlers | DEBUG | -1003065205593 | Функция select_prof_callback() выполнена
2025-09-22 21:21:24 | handlers | DEBUG | -1003065205593 | Функция prof_command() выполнена
2025-09-22 21:21:38 | handlers | DEBUG | -1003065205593 | Функция me_command() выполнена
2025-09-22 21:22:11 | handlers | DEBUG | -1003065205593 | 3 | 🌾 Собрано...
2025-09-22 21:22:11 | handlers | DEBUG | -1003065205593 | Функция harvest_callback() выполнена
2025-09-22 21:22:13 | handlers | DEBUG | -1003065205593 | 3 | 🌾 Собрано...
2025-09-22 21:22:13 | handlers | DEBUG | -1003065205593 | Функция harvest_callback() выполнена
2025-09-22 21:22:16 | handlers | DEBUG | -1003065205593 | 3 | 🌾 Собрано...
2025-09-22 21:22:16 | handlers | DEBUG | -1003065205593 | Функция harvest_callback() выполнена
2025-09-22 21:22:18 | handlers | DEBUG | -1003065205593 | 3 | 🌾 Собрано...
2025-09-22 21:22:18 | handlers | DEBUG | -1003065205593 | Функция harvest_callback() выполнена
2025-09-22 21:22:19 | handlers | DEBUG | -1003065205593 | 3 | 🌾 Собрано...
2025-09-22 21:22:19 | handlers | DEBUG | -1003065205593 | Функция harvest_callback() выполнена
2025-09-22 21:22:22 | handlers | DEBUG | -1003065205593 | 3 | 🌾 Собрано...
2025-09-22 21:22:22 | handlers | DEBUG | -1003065205593 | Функция harvest_callback() выполнена
2025-09-22 21:22:24 | handlers | DEBUG | -1003065205593 | 3 | 🌾 Собрано...
2025-09-22 21:22:24 | handlers | DEBUG | -1003065205593 | Функция harvest_callback() выполнена
2025-09-22 21:22:25 | handlers | DEBUG | -1003065205593 | 3 | 🌾 Собрано...
2025-09-22 21:22:25 | handlers | DEBUG | -1003065205593 | Функция harvest_callback() выполнена
2025-09-22 21:22:27 | handlers | DEBUG | -1003065205593 | 3 | 🌾 Собрано...
2025-09-22 21:22:27 | handlers | DEBUG | -1003065205593 | Функция harvest_callback() выполнена
2025-09-22 21:22:31 | handlers | DEBUG | -1003065205593 | 3 | 🌾 Собрано...
2025-09-22 21:22:31 | handlers | DEBUG | -1003065205593 | Функция harvest_callback() выполнена
2025-09-22 21:22:32 | handlers | DEBUG | -1003065205593 | 3 | 🌾 Собрано...
2025-09-22 21:22:32 | handlers | DEBUG | -1003065205593 | Функция harvest_callback() выполнена
2025-09-22 21:22:34 | handlers | DEBUG | -1003065205593 | 3 | 🌾 Собрано...
2025-09-22 21:22:34 | handlers | DEBUG | -1003065205593 | Функция harvest_callback() выполнена
2025-09-22 21:22:36 | handlers | DEBUG | -1003065205593 | 3 | 🌾 Собрано...
2025-09-22 21:22:36 | handlers | DEBUG | -1003065205593 | Функция harvest_callback() выполнена
2025-09-22 21:22:38 | handlers | DEBUG | -1003065205593 | 3 | 🌾 Собрано...
2025-09-22 21:22:38 | handlers | DEBUG | -1003065205593 | Функция harvest_callback() выполнена
2025-09-22 21:22:39 | handlers | DEBUG | -1003065205593 | 3 | 🌾 Собрано...
2025-09-22 21:22:39 | handlers | DEBUG | -1003065205593 | Функция harvest_callback() выполнена
2025-09-22 21:22:41 | handlers | DEBUG | -1003065205593 | 3 | 💼 Работа завершена!
2025-09-22 21:22:42 | handlers | DEBUG | -1003065205593 | Функция harvest_callback() выполнена
2025-09-22 21:26:20 | handlers | DEBUG | -1003065205593 | Функция inventory_command() выполнена
2025-09-22 21:30:35 | handlers | DEBUG | -1003065205593 | Функция inventory_command() выполнена
2025-09-22 21:30:51 | handlers | DEBUG | -1003065205593 | Функция inventory_command() выполнена
2025-09-22 21:35:37 | handlers | DEBUG | -1003065205593 | Функция inventory_command() выполнена
2025-09-22 21:35:52 | handlers | DEBUG | -1003065205593 | Функция inventory_command() выполнена
2025-09-22 21:36:45 | handlers | DEBUG | -1003065205593 | Функция start_command() выполнена
2025-09-22 21:36:47 | handlers | DEBUG | -1003065205593 | Функция me_command() выполнена
2025-09-22 21:36:50 | handlers | DEBUG | -1003065205593 | Функция prof_command() выполнена
2025-09-22 21:36:51 | handlers | DEBUG | -1003065205593 | Функция inventory_command() выполнена
2025-09-22 21:36:52 | handlers | DEBUG | -1003065205593 | 2 | 💼 Выбрана профессия: Знахарь
2025-09-22 21:36:52 | handlers | DEBUG | -1003065205593 | Функция select_prof_callback() выполнена
2025-09-22 21:36:55 | handlers | DEBUG | -1003065205593 | Функция inventory_command() выполнена
2025-09-22 21:37:17 | handlers | DEBUG | -1003065205593 | 2 | 🌾 Собрано...
2025-09-22 21:37:17 | handlers | DEBUG | -1003065205593 | Функция harvest_callback() выполнена
2025-09-22 21:37:19 | handlers | DEBUG | -1003065205593 | 2 | 🌾 Собрано...
2025-09-22 21:37:19 | handlers | DEBUG | -1003065205593 | Функция harvest_callback() выполнена
2025-09-22 21:37:21 | handlers | DEBUG | -1003065205593 | 2 | 🌾 Собрано...
2025-09-22 21:37:21 | handlers | DEBUG | -1003065205593 | Функция harvest_callback() выполнена
2025-09-22 21:37:23 | handlers | DEBUG | -1003065205593 | 2 | 🌾 Собрано...
2025-09-22 21:37:23 | handlers | DEBUG | -1003065205593 | Функция harvest_callback() выполнена
2025-09-22 21:37:25 | handlers | DEBUG | -1003065205593 | 2 | 🌾 Собрано...
2025-09-22 21:37:26 | handlers | DEBUG | -1003065205593 | Функция harvest_callback() выполнена
2025-09-22 21:37:27 | handlers | DEBUG | -1003065205593 | 2 | 🌾 Собрано...
2025-09-22 21:37:27 | handlers | DEBUG | -1003065205593 | Функция harvest_callback() выполнена
2025-09-22 21:37:29 | handlers | DEBUG | -1003065205593 | 2 | 🌾 Собрано...
2025-09-22 21:37:29 | handlers | DEBUG | -1003065205593 | Функция harvest_callback() выполнена
2025-09-22 21:37:31 | handlers | DEBUG | -1003065205593 | 2 | 🌾 Собрано...
2025-09-22 21:37:31 | handlers | DEBUG | -1003065205593 | Функция harvest_callback() выполнена
2025-09-22 21:37:41 | handlers | DEBUG | -1003065205593 | 2 | 🌾 Собрано...
2025-09-22 21:37:41 | handlers | DEBUG | -1003065205593 | Функция harvest_callback() выполнена
2025-09-22 21:37:43 | handlers | DEBUG | -1003065205593 | 2 | 🌾 Собрано...
2025-09-22 21:37:43 | handlers | DEBUG | -1003065205593 | Функция harvest_callback() выполнена
2025-09-22 21:37:45 | handlers | DEBUG | -1003065205593 | 2 | 🌾 Собрано...
2025-09-22 21:37:45 | handlers | DEBUG | -1003065205593 | Функция harvest_callback() выполнена
2025-09-22 21:37:47 | handlers | DEBUG | -1003065205593 | 2 | 💼 Работа завершена!
2025-09-22 21:37:47 | handlers | DEBUG | -1003065205593 | Функция harvest_callback() выполнена
2025-09-22 21:37:52 | handlers | DEBUG | -1003065205593 | Функция inventory_command() выполнена
2025-09-22 21:39:52 | handlers | DEBUG | -1003065205593 | Функция start_command() выполнена
2025-09-22 21:39:53 | handlers | DEBUG | -1003065205593 | Функция me_command() выполнена
2025-09-22 21:40:15 | handlers | DEBUG | -1003065205593 | Функция inventory_command() выполнена
2025-09-22 21:41:54 | handlers | DEBUG | -1003065205593 | Функция inventory_command() выполнена
2025-09-22 21:45:16 | handlers | DEBUG | -1003065205593 | Функция me_command() выполнена
2025-09-22 21:45:22 | handlers | DEBUG | -1003065205593 | Функция prof_command() выполнена
2025-09-22 21:45:25 | handlers | DEBUG | -1003065205593 | 4 | 💼 Выбрана профессия: Землепашец
2025-09-22 21:45:25 | handlers | DEBUG | -1003065205593 | Функция select_prof_callback() выполнена
2025-09-22 21:45:28 | handlers | DEBUG | -1003065205593 | Функция work_command() выполнена
2025-09-22 21:45:29 | handlers | DEBUG | -1003065205593 | 4 | 🌾 Собрано...
2025-09-22 21:45:29 | handlers | DEBUG | -1003065205593 | Функция harvest_callback() выполнена
2025-09-22 21:45:31 | handlers | DEBUG | -1003065205593 | 4 | 🌾 Собрано...
2025-09-22 21:45:31 | handlers | DEBUG | -1003065205593 | Функция harvest_callback() выполнена
2025-09-22 21:45:32 | handlers | DEBUG | -1003065205593 | 4 | 🌾 Собрано...
2025-09-22 21:45:33 | handlers | DEBUG | -1003065205593 | Функция harvest_callback() выполнена
2025-09-22 21:45:34 | handlers | DEBUG | -1003065205593 | 4 | 🌾 Собрано...
2025-09-22 21:45:34 | handlers | DEBUG | -1003065205593 | Функция harvest_callback() выполнена
2025-09-22 21:45:35 | handlers | DEBUG | -1003065205593 | 4 | 🌾 Собрано...
2025-09-22 21:45:35 | handlers | DEBUG | -1003065205593 | Функция harvest_callback() выполнена
2025-09-22 21:45:37 | handlers | DEBUG | -1003065205593 | 4 | 🌾 Собрано...
2025-09-22 21:45:37 | handlers | DEBUG | -1003065205593 | Функция harvest_callback() выполнена
2025-09-22 21:45:39 | handlers | DEBUG | -1003065205593 | 4 | 🌾 Собрано...
2025-09-22 21:45:39 | handlers | DEBUG | -1003065205593 | Функция harvest_callback() выполнена
2025-09-22 21:45:41 | handlers | DEBUG | -1003065205593 | 4 | 🌾 Собрано...
2025-09-22 21:45:41 | handlers | DEBUG | -1003065205593 | Функция harvest_callback() выполнена
2025-09-22 21:45:42 | handlers | DEBUG | -1003065205593 | 4 | 🌾 Собрано...
2025-09-22 21:45:42 | handlers | DEBUG | -1003065205593 | Функция harvest_callback() выполнена
2025-09-22 21:45:45 | handlers | DEBUG | -1003065205593 | 4 | 🌾 Собрано...
2025-09-22 21:45:45 | handlers | DEBUG | -1003065205593 | Функция harvest_callback() выполнена
2025-09-22 21:45:48 | handlers | DEBUG | -1003065205593 | 4 | 🌾 Собрано...
2025-09-22 21:45:48 | handlers | DEBUG | -1003065205593 | Функция harvest_callback() выполнена
2025-09-22 21:45:49 | handlers | DEBUG | -1003065205593 | 4 | 💼 Работа завершена!
2025-09-22 21:45:49 | handlers | DEBUG | -1003065205593 | Функция harvest_callback() выполнена
2025-09-22 21:46:10 | handlers | DEBUG | -1003065205593 | Функция inventory_command() выполнена
2025-09-22 21:46:15 | handlers | DEBUG | -1003065205593 | Функция cosmetics_command() выполнена
2025-09-22 21:46:16 | handlers | DEBUG | -1003065205593 | 4 | ✅ Эмодзи изменен: 👩‍🌾
2025-09-22 21:46:16 | handlers | DEBUG | -1003065205593 | Функция cosmetics_select() выполнена
2025-09-22 21:53:54 | handlers | DEBUG | -1003065205593 | Функция me_command() выполнена
2025-09-22 21:53:57 | handlers | DEBUG | -1003065205593 | Функция settings_command() выполнена
2025-09-22 21:53:58 | handlers | DEBUG | -1003065205593 | Функция settings_callback() выполнена
2025-09-22 21:54:00 | handlers | DEBUG | -1003065205593 | Функция me_command() выполнена
2025-09-22 22:35:41 | handlers | DEBUG | -1003065205593 | Функция inventory_command() выполнена
2025-09-22 22:35:43 | handlers | DEBUG | -1003065205593 | Функция prof_command() выполнена
2025-09-22 22:35:51 | handlers | DEBUG | -1003065205593 | 4 | 💼 Выбрана профессия: Знахарь
2025-09-22 22:35:51 | handlers | DEBUG | -1003065205593 | Функция select_prof_callback() выполнена
2025-09-22 22:40:40 | handlers | DEBUG | -1003065205593 | Функция settings_command() выполнена
2025-09-22 22:41:01 | handlers | DEBUG | -1003065205593 | Функция settings_command() выполнена
2025-09-22 22:41:16 | handlers | DEBUG | -1003065205593 | Функция settings_command() выполнена
2025-09-22 22:41:22 | handlers | DEBUG | -1003065205593 | Функция settings_command() выполнена
2025-09-22 22:41:28 | handlers | DEBUG | -1003065205593 | Функция me_command() выполнена
2025-09-22 22:41:29 | handlers | DEBUG | -1003065205593 | Функция overtime_command() выполнена
2025-09-22 22:52:59 | handlers | DEBUG | -1003065205593 | Функция me_command() выполнена
2025-09-22 22:53:12 | handlers | DEBUG | -1003065205593 | Функция my_id_command() выполнена
2025-09-22 22:53:16 | handlers | DEBUG | -1003065205593 | Функция prof_command() выполнена
2025-09-22 22:53:23 | handlers | DEBUG | -1003065205593 | 2 | 💼 Выбрана профессия: Знахарь
2025-09-22 22:53:23 | handlers | DEBUG | -1003065205593 | Функция select_prof_callback() выполнена
2025-09-22 22:53:31 | handlers | DEBUG | -1003065205593 | 2 | 🌾 Собрано...
2025-09-22 22:53:31 | handlers | DEBUG | -1003065205593 | Функция harvest_callback() выполнена
2025-09-22 22:53:33 | handlers | DEBUG | -1003065205593 | 2 | 🌾 Собрано...
2025-09-22 22:53:33 | handlers | DEBUG | -1003065205593 | Функция harvest_callback() выполнена
2025-09-22 22:53:34 | handlers | DEBUG | -1003065205593 | 2 | 🌾 Собрано...
2025-09-22 22:53:34 | handlers | DEBUG | -1003065205593 | Функция harvest_callback() выполнена
2025-09-22 22:53:36 | handlers | DEBUG | -1003065205593 | 2 | 🌾 Собрано...
2025-09-22 22:53:36 | handlers | DEBUG | -1003065205593 | Функция harvest_callback() выполнена
2025-09-22 22:53:38 | handlers | DEBUG | -1003065205593 | 2 | 🌾 Собрано...
2025-09-22 22:53:38 | handlers | DEBUG | -1003065205593 | Функция harvest_callback() выполнена
2025-09-22 22:53:40 | handlers | DEBUG | -1003065205593 | 2 | 🌾 Собрано...
2025-09-22 22:53:40 | handlers | DEBUG | -1003065205593 | Функция harvest_callback() выполнена
2025-09-22 22:53:41 | handlers | DEBUG | -1003065205593 | 2 | 🌾 Собрано...
2025-09-22 22:53:41 | handlers | DEBUG | -1003065205593 | Функция harvest_callback() выполнена
2025-09-22 22:53:43 | handlers | DEBUG | -1003065205593 | 2 | 🌾 Собрано...
2025-09-22 22:53:43 | handlers | DEBUG | -1003065205593 | Функция harvest_callback() выполнена
2025-09-22 22:53:45 | handlers | DEBUG | -1003065205593 | 2 | 🌾 Собрано...
2025-09-22 22:53:45 | handlers | DEBUG | -1003065205593 | Функция harvest_callback() выполнена
2025-09-22 22:53:47 | handlers | DEBUG | -1003065205593 | 2 | 🌾 Собрано...
2025-09-22 22:53:47 | handlers | DEBUG | -1003065205593 | Функция harvest_callback() выполнена
2025-09-22 22:53:48 | handlers | DEBUG | -1003065205593 | 2 | 💼 Работа завершена!
2025-09-22 22:53:48 | handlers | DEBUG | -1003065205593 | Функция harvest_callback() выполнена
2025-09-22 23:01:38 | handlers | DEBUG | -1003065205593 | Функция me_command() выполнена
2025-09-22 23:15:32 | handlers | DEBUG | -1003065205593 | Функция inventory_command() выполнена
2025-09-22 23:18:41 | handlers | DEBUG | -1003065205593 | Функция me_command() выполнена
2025-09-22 23:18:47 | handlers | DEBUG | -1003065205593 | Функция prof_command() выполнена
2025-09-22 23:18:56 | handlers | DEBUG | -1003065205593 | 2 | 🌾 Собрано...
2025-09-22 23:18:56 | handlers | DEBUG | -1003065205593 | Функция harvest_callback() выполнена
2025-09-22 23:18:58 | handlers | DEBUG | -1003065205593 | 2 | 🌾 Собрано...
2025-09-22 23:18:58 | handlers | DEBUG | -1003065205593 | Функция harvest_callback() выполнена
2025-09-22 23:19:00 | handlers | DEBUG | -1003065205593 | 2 | 🌾 Собрано...
2025-09-22 23:19:00 | handlers | DEBUG | -1003065205593 | Функция harvest_callback() выполнена
2025-09-22 23:19:02 | handlers | DEBUG | -1003065205593 | 2 | 🌾 Собрано...
2025-09-22 23:19:02 | handlers | DEBUG | -1003065205593 | Функция harvest_callback() выполнена
2025-09-22 23:19:03 | handlers | DEBUG | -1003065205593 | 2 | 🌾 Собрано...
2025-09-22 23:19:03 | handlers | DEBUG | -1003065205593 | Функция harvest_callback() выполнена
2025-09-22 23:19:05 | handlers | DEBUG | -1003065205593 | 2 | 🌾 Собрано...
2025-09-22 23:19:05 | handlers | DEBUG | -1003065205593 | Функция harvest_callback() выполнена
2025-09-22 23:19:07 | handlers | DEBUG | -1003065205593 | 2 | 🌾 Собрано...
2025-09-22 23:19:07 | handlers | DEBUG | -1003065205593 | Функция harvest_callback() выполнена
2025-09-22 23:19:08 | handlers | DEBUG | -1003065205593 | 2 | 🌾 Собрано...
2025-09-22 23:19:08 | handlers | DEBUG | -1003065205593 | Функция harvest_callback() выполнена
2025-09-22 23:19:10 | handlers | DEBUG | -1003065205593 | 2 | 🌾 Собрано...
2025-09-22 23:19:10 | handlers | DEBUG | -1003065205593 | Функция harvest_callback() выполнена
2025-09-22 23:19:12 | handlers | DEBUG | -1003065205593 | 2 | 🌾 Собрано...
2025-09-22 23:19:12 | handlers | DEBUG | -1003065205593 | Функция harvest_callback() выполнена
2025-09-22 23:19:14 | handlers | DEBUG | -1003065205593 | 2 | 🌾 Собрано...
2025-09-22 23:19:14 | handlers | DEBUG | -1003065205593 | Функция harvest_callback() выполнена
2025-09-22 23:19:15 | handlers | DEBUG | -1003065205593 | 2 | 🌾 Собрано...
2025-09-22 23:19:15 | handlers | DEBUG | -1003065205593 | Функция harvest_callback() выполнена
2025-09-22 23:19:17 | handlers | DEBUG | -1003065205593 | 2 | 🌾 Собрано...
2025-09-22 23:19:17 | handlers | DEBUG | -1003065205593 | Функция harvest_callback() выполнена
2025-09-22 23:19:18 | handlers | DEBUG | -1003065205593 | 2 | 💼 Работа завершена!
2025-09-22 23:19:18 | handlers | DEBUG | -1003065205593 | Функция harvest_callback() выполнена
2025-09-22 23:19:48 | handlers | DEBUG | -1003065205593 | Функция overtime_command() выполнена
2025-09-22 23:33:50 | handlers | DEBUG | -1003065205593 | Функция my_id_command() выполнена
2025-09-23 08:36:30 | handlers | DEBUG | -1003065205593 | Функция start_command() выполнена
2025-09-23 08:36:47 | handlers | DEBUG | -1003065205593 | Функция me_command() выполнена
2025-09-23 08:36:52 | handlers | DEBUG | -1003065205593 | Функция settings_command() выполнена
2025-09-23 08:36:53 | handlers | DEBUG | -1003065205593 | Функция settings_callback() выполнена
2025-09-23 08:36:55 | handlers | DEBUG | -1003065205593 | Функция me_command() выполнена
2025-09-23 08:37:01 | handlers | DEBUG | -1003065205593 | Функция me_command() выполнена
2025-09-23 08:37:05 | handlers | DEBUG | -1003065205593 | Функция prof_command() выполнена
2025-09-23 08:37:12 | handlers | DEBUG | -1003065205593 | 36 | 💼 Выбрана профессия: Землепашец
2025-09-23 08:37:12 | handlers | DEBUG | -1003065205593 | Функция select_prof_callback() выполнена
2025-09-23 08:37:14 | handlers | DEBUG | -1003065205593 | Функция work_command() выполнена
2025-09-23 08:37:17 | handlers | DEBUG | -1003065205593 | 36 | 🌾 Собрано...
2025-09-23 08:37:17 | handlers | DEBUG | -1003065205593 | Функция harvest_callback() выполнена
2025-09-23 08:37:20 | handlers | DEBUG | -1003065205593 | 36 | 🌾 Собрано...
2025-09-23 08:37:20 | handlers | DEBUG | -1003065205593 | Функция harvest_callback() выполнена
2025-09-23 08:37:22 | handlers | DEBUG | -1003065205593 | 36 | 💀 Собирательство испорчено!
2025-09-23 08:37:22 | handlers | DEBUG | -1003065205593 | Функция harvest_callback() выполнена
2025-09-23 08:37:34 | handlers | DEBUG | -1003065205593 | Функция settings_command() выполнена
2025-09-23 08:37:38 | handlers | DEBUG | -1003065205593 | Функция settings_callback() выполнена
2025-09-23 08:38:57 | handlers | DEBUG | -1003065205593 | Функция prof_command() выполнена
2025-09-23 08:39:08 | handlers | DEBUG | -1003065205593 | Функция me_command() выполнена
2025-09-23 08:39:22 | handlers | DEBUG | -1003065205593 | 1 | 💼 Выбрана профессия: Знахарь
2025-09-23 08:39:22 | handlers | DEBUG | -1003065205593 | Функция select_prof_callback() выполнена
2025-09-23 08:39:24 | handlers | DEBUG | -1003065205593 | Функция prof_command() выполнена
2025-09-23 08:39:25 | handlers | DEBUG | -1003065205593 | 1 | 💼 Выбрана профессия: Землепашец
2025-09-23 08:39:25 | handlers | DEBUG | -1003065205593 | Функция select_prof_callback() выполнена
2025-09-23 08:39:26 | handlers | DEBUG | -1003065205593 | Функция work_command() выполнена
2025-09-23 08:39:29 | handlers | DEBUG | -1003065205593 | 1 | 🌾 Собрано...
2025-09-23 08:39:29 | handlers | DEBUG | -1003065205593 | Функция harvest_callback() выполнена
2025-09-23 08:39:30 | handlers | DEBUG | -1003065205593 | 1 | 🌾 Собрано...
2025-09-23 08:39:30 | handlers | DEBUG | -1003065205593 | Функция harvest_callback() выполнена
2025-09-23 08:39:32 | handlers | DEBUG | -1003065205593 | 1 | 🌾 Собрано...
2025-09-23 08:39:32 | handlers | DEBUG | -1003065205593 | Функция harvest_callback() выполнена
2025-09-23 08:39:33 | handlers | DEBUG | -1003065205593 | 1 | 🌾 Собрано...
2025-09-23 08:39:33 | handlers | DEBUG | -1003065205593 | Функция harvest_callback() выполнена
2025-09-23 08:39:35 | handlers | DEBUG | -1003065205593 | 1 | 🌾 Собрано...
2025-09-23 08:39:35 | handlers | DEBUG | -1003065205593 | Функция harvest_callback() выполнена
2025-09-23 08:39:36 | handlers | DEBUG | -1003065205593 | 1 | 🌾 Собрано...
2025-09-23 08:39:36 | handlers | DEBUG | -1003065205593 | Функция harvest_callback() выполнена
2025-09-23 08:39:38 | handlers | DEBUG | -1003065205593 | 1 | 🌾 Собрано...
2025-09-23 08:39:38 | handlers | DEBUG | -1003065205593 | Функция harvest_callback() выполнена
2025-09-23 08:39:40 | handlers | DEBUG | -1003065205593 | 1 | 🌾 Собрано...
2025-09-23 08:39:40 | handlers | DEBUG | -1003065205593 | Функция harvest_callback() выполнена
2025-09-23 08:39:41 | handlers | DEBUG | -1003065205593 | 1 | 🌾 Собрано...
2025-09-23 08:39:41 | handlers | DEBUG | -1003065205593 | Функция harvest_callback() выполнена
2025-09-23 08:39:43 | handlers | DEBUG | -1003065205593 | 1 | 🌾 Собрано...
2025-09-23 08:39:43 | handlers | DEBUG | -1003065205593 | Функция harvest_callback() выполнена
2025-09-23 08:39:45 | handlers | DEBUG | -1003065205593 | 1 | 🌾 Собрано...
2025-09-23 08:39:45 | handlers | DEBUG | -1003065205593 | Функция harvest_callback() выполнена
2025-09-23 08:39:46 | handlers | DEBUG | -1003065205593 | 1 | 🌾 Собрано...
2025-09-23 08:39:47 | handlers | DEBUG | -1003065205593 | Функция harvest_callback() выполнена
2025-09-23 08:39:48 | handlers | DEBUG | -1003065205593 | 1 | 🌾 Собрано...
2025-09-23 08:39:48 | handlers | DEBUG | -1003065205593 | Функция harvest_callback() выполнена
2025-09-23 08:39:50 | handlers | DEBUG | -1003065205593 | 1 | 💼 Работа завершена!
2025-09-23 08:39:50 | handlers | DEBUG | -1003065205593 | Функция harvest_callback() выполнена
2025-09-23 08:41:15 | handlers | DEBUG | -1003065205593 | Функция prof_command() выполнена
2025-09-23 08:41:16 | handlers | DEBUG | -1003065205593 | 1 | 💼 Выбрана профессия: Знахарь
2025-09-23 08:41:16 | handlers | DEBUG | -1003065205593 | Функция select_prof_callback() выполнена
2025-09-23 08:48:02 | handlers | DEBUG | -1003065205593 | Функция settings_command() выполнена
2025-09-23 08:48:05 | handlers | DEBUG | -1003065205593 | Функция me_command() выполнена
2025-09-23 08:48:07 | handlers | DEBUG | -1003065205593 | Функция overtime_command() выполнена
2025-09-23 08:48:21 | handlers | DEBUG | -1003065205593 | Функция prof_command() выполнена
2025-09-23 08:48:23 | handlers | DEBUG | -1003065205593 | 36 | 💼 Выбрана профессия: Знахарь
2025-09-23 08:48:23 | handlers | DEBUG | -1003065205593 | Функция select_prof_callback() выполнена
2025-09-23 10:01:49 | handlers | DEBUG | -1003065205593 | Функция me_command() выполнена
2025-09-23 10:02:10 | handlers | DEBUG | -1003065205593 | Функция cosmetics_command() выполнена
2025-09-23 10:02:12 | handlers | DEBUG | -1003065205593 | 1 | ✅ Эмодзи изменен: 👩‍🌾
2025-09-23 10:02:12 | handlers | DEBUG | -1003065205593 | Функция cosmetics_select() выполнена
2025-09-23 10:02:13 | handlers | DEBUG | -1003065205593 | 1 | ✅ Эмодзи изменен: 👨‍🌾
2025-09-23 10:02:13 | handlers | DEBUG | -1003065205593 | Функция cosmetics_select() выполнена
2025-09-23 10:02:17 | handlers | DEBUG | -1003065205593 | Функция overtime_command() выполнена
2025-09-23 10:02:56 | handlers | DEBUG | -1003065205593 | Функция overtime_command() выполнена
2025-09-23 10:02:59 | handlers | DEBUG | -1003065205593 | Функция craft_command() выполнена
2025-09-23 10:05:25 | handlers | DEBUG | -1003065205593 | 1 | 💼 Выбрано ремесло: Знахарь
2025-09-23 10:05:25 | handlers | DEBUG | -1003065205593 | Функция select_prof_callback() выполнена
2025-09-23 10:06:22 | handlers | DEBUG | -1003065205593 | Функция inventory_command() выполнена
2025-09-23 10:06:31 | handlers | DEBUG | -1003065205593 | Функция inventory_command() выполнена
2025-09-23 10:06:36 | handlers | DEBUG | -1003065205593 | Функция inventory_command() выполнена
2025-09-23 10:06:55 | handlers | DEBUG | -1003065205593 | 1 | 🎯 Попадание! Поле не изменилось
2025-09-23 10:06:55 | handlers | DEBUG | -1003065205593 | 1 | 🎯 Попадание! 1/3
2025-09-23 10:06:55 | handlers | DEBUG | -1003065205593 | Функция hitter_callback() выполнена
2025-09-23 10:06:57 | handlers | DEBUG | -1003065205593 | 1 | 💀 Промах! Труд провален!
2025-09-23 10:06:57 | handlers | DEBUG | -1003065205593 | Функция hitter_callback() выполнена
2025-09-23 10:08:17 | handlers | DEBUG | -1003065205593 | 1 | 🎯 Попадание! Поле не изменилось
2025-09-23 10:08:17 | handlers | DEBUG | -1003065205593 | 1 | 🎯 Попадание! 1/3
2025-09-23 10:08:17 | handlers | DEBUG | -1003065205593 | Функция hitter_callback() выполнена
2025-09-23 10:08:41 | handlers | DEBUG | -1003065205593 | 1 | 💀 Промах! Труд провален!
2025-09-23 10:08:41 | handlers | DEBUG | -1003065205593 | Функция hitter_callback() выполнена
2025-09-23 10:13:57 | handlers | DEBUG | -1003065205593 | 1 | 🎯 Попадание! 1/3
2025-09-23 10:13:57 | handlers | DEBUG | -1003065205593 | Функция hitter_callback() выполнена
2025-09-23 10:13:59 | handlers | DEBUG | -1003065205593 | 1 | 🎯 Попадание! 2/3
2025-09-23 10:13:59 | handlers | DEBUG | -1003065205593 | Функция hitter_callback() выполнена
2025-09-23 10:14:01 | handlers | DEBUG | -1003065205593 | 1 | ➡️ Переход к следующему шагу
2025-09-23 10:14:01 | handlers | DEBUG | -1003065205593 | Функция hitter_callback() выполнена
2025-09-23 10:14:03 | handlers | DEBUG | -1003065205593 | 1 | ⏰ Таймер запущен!
2025-09-23 10:14:03 | handlers | DEBUG | -1003065205593 | Функция timer_callback() выполнена
2025-09-23 10:14:05 | handlers | DEBUG | -1003065205593 | Функция timer_callback() выполнена
2025-09-23 10:14:08 | handlers | DEBUG | -1003065205593 | Функция timer_callback() выполнена
2025-09-23 10:14:12 | handlers | DEBUG | -1003065205593 | Функция timer_callback() выполнена
2025-09-23 10:14:16 | handlers | DEBUG | -1003065205593 | Функция timer_callback() выполнена
2025-09-23 10:14:19 | handlers | DEBUG | -1003065205593 | Функция timer_callback() выполнена
2025-09-23 10:14:22 | handlers | DEBUG | -1003065205593 | Функция timer_callback() выполнена
2025-09-23 10:14:24 | handlers | DEBUG | -1003065205593 | Функция timer_callback() выполнена
2025-09-23 10:14:34 | handlers | DEBUG | -1003065205593 | 1 | 💼 Труд завершён!
2025-09-23 10:14:34 | handlers | DEBUG | -1003065205593 | Функция timer_callback() выполнена
2025-09-23 10:15:34 | handlers | DEBUG | -1003065205593 | Функция craft_command() выполнена
2025-09-23 10:15:36 | handlers | DEBUG | -1003065205593 | 3 | 💼 Выбрано ремесло: Знахарь
2025-09-23 10:15:36 | handlers | DEBUG | -1003065205593 | Функция select_prof_callback() выполнена
2025-09-23 10:15:38 | handlers | DEBUG | -1003065205593 | Функция craft_command() выполнена
2025-09-23 10:16:35 | handlers | DEBUG | -1003065205593 | 3 | 🎯 Попадание! 1/3
2025-09-23 10:16:35 | handlers | DEBUG | -1003065205593 | Функция hitter_callback() выполнена
2025-09-23 10:16:36 | handlers | DEBUG | -1003065205593 | 3 | 🎯 Попадание! 2/3
2025-09-23 10:16:36 | handlers | DEBUG | -1003065205593 | Функция hitter_callback() выполнена
2025-09-23 10:16:47 | handlers | DEBUG | -1003065205593 | 3 | ➡️ Переход к следующему шагу
2025-09-23 10:16:47 | handlers | DEBUG | -1003065205593 | Функция hitter_callback() выполнена
2025-09-23 10:17:00 | handlers | DEBUG | -1003065205593 | 3 | ⏰ Таймер запущен!
2025-09-23 10:17:00 | handlers | DEBUG | -1003065205593 | Функция timer_callback() выполнена
2025-09-23 10:17:41 | handlers | DEBUG | -1003065205593 | 3 | 💼 Труд завершён!
2025-09-23 10:17:41 | handlers | DEBUG | -1003065205593 | Функция timer_callback() выполнена
2025-09-23 10:22:40 | handlers | DEBUG | -1003065205593 | Функция me_command() выполнена
2025-09-23 10:22:57 | handlers | DEBUG | -1003065205593 | Функция inventory_command() выполнена
2025-09-23 10:23:02 | handlers | DEBUG | -1003065205593 | Функция craft_command() выполнена
2025-09-23 10:23:03 | handlers | DEBUG | -1003065205593 | 1 | 💼 Выбрано ремесло: Знахарь
2025-09-23 10:23:03 | handlers | DEBUG | -1003065205593 | Функция select_prof_callback() выполнена
2025-09-23 10:23:07 | handlers | DEBUG | -1003065205593 | 1 | 🎯 Попадание! 1/3
2025-09-23 10:23:07 | handlers | DEBUG | -1003065205593 | Функция hitter_callback() выполнена
2025-09-23 10:23:10 | handlers | DEBUG | -1003065205593 | 1 | 🎯 Попадание! 2/3
2025-09-23 10:23:10 | handlers | DEBUG | -1003065205593 | Функция hitter_callback() выполнена
2025-09-23 10:23:13 | handlers | DEBUG | -1003065205593 | 1 | ➡️ Переход к следующему шагу
2025-09-23 10:23:13 | handlers | DEBUG | -1003065205593 | Функция hitter_callback() выполнена
2025-09-23 10:23:15 | handlers | DEBUG | -1003065205593 | 1 | ⏰ Таймер запущен!
2025-09-23 10:23:15 | handlers | DEBUG | -1003065205593 | Функция timer_callback() выполнена
2025-09-23 10:23:20 | handlers | DEBUG | -1003065205593 | Функция timer_callback() выполнена
2025-09-23 10:25:43 | handlers | DEBUG | -1003065205593 | Функция me_command() выполнена
2025-09-23 10:25:46 | handlers | DEBUG | -1003065205593 | Функция craft_command() выполнена
2025-09-23 10:25:56 | handlers | DEBUG | -1003065205593 | 2 | 💼 Выбрано ремесло: Землепашец
2025-09-23 10:25:56 | handlers | DEBUG | -1003065205593 | Функция select_prof_callback() выполнена
2025-09-23 10:26:06 | handlers | WARNING | -1003065205593 | ⏰ Труд автоматически отменён по таймауту (3 минуты)
2025-09-23 10:34:44 | handlers | DEBUG | -1003065205593 | Функция craft_command() выполнена
2025-09-23 10:34:46 | handlers | DEBUG | -1003065205593 | 3 | 💼 Выбрано ремесло: Землепашец
2025-09-23 10:34:46 | handlers | DEBUG | -1003065205593 | Функция select_prof_callback() выполнена
2025-09-23 10:34:48 | handlers | DEBUG | -1003065205593 | Функция work_command() выполнена
2025-09-23 10:34:54 | handlers | DEBUG | -1003065205593 | 3 | 🌾 Собрано...
2025-09-23 10:34:54 | handlers | DEBUG | -1003065205593 | Функция harvest_callback() выполнена
2025-09-23 10:34:56 | handlers | DEBUG | -1003065205593 | 3 | 🌾 Собрано...
2025-09-23 10:34:56 | handlers | DEBUG | -1003065205593 | Функция harvest_callback() выполнена
2025-09-23 10:35:00 | handlers | DEBUG | -1003065205593 | 3 | 🌾 Собрано...
2025-09-23 10:35:00 | handlers | DEBUG | -1003065205593 | Функция harvest_callback() выполнена
2025-09-23 10:35:01 | handlers | DEBUG | -1003065205593 | 3 | 🌾 Собрано...
2025-09-23 10:35:01 | handlers | DEBUG | -1003065205593 | Функция harvest_callback() выполнена
2025-09-23 10:35:03 | handlers | DEBUG | -1003065205593 | 3 | 🌾 Собрано...
2025-09-23 10:35:03 | handlers | DEBUG | -1003065205593 | Функция harvest_callback() выполнена
2025-09-23 10:35:05 | handlers | DEBUG | -1003065205593 | 3 | 🌾 Собрано...
2025-09-23 10:35:05 | handlers | DEBUG | -1003065205593 | Функция harvest_callback() выполнена
2025-09-23 10:35:08 | handlers | DEBUG | -1003065205593 | 3 | 🌾 Собрано...
2025-09-23 10:35:08 | handlers | DEBUG | -1003065205593 | Функция harvest_callback() выполнена
2025-09-23 10:35:10 | handlers | DEBUG | -1003065205593 | 3 | 🌾 Собрано...
2025-09-23 10:35:10 | handlers | DEBUG | -1003065205593 | Функция harvest_callback() выполнена
2025-09-23 10:35:11 | handlers | DEBUG | -1003065205593 | 3 | 🌾 Собрано...
2025-09-23 10:35:12 | handlers | DEBUG | -1003065205593 | Функция harvest_callback() выполнена
2025-09-23 10:35:13 | handlers | DEBUG | -1003065205593 | 3 | 🌾 Собрано...
2025-09-23 10:35:13 | handlers | DEBUG | -1003065205593 | Функция harvest_callback() выполнена
2025-09-23 10:35:16 | handlers | DEBUG | -1003065205593 | 3 | 💼 Труд завершён!
2025-09-23 10:35:16 | handlers | DEBUG | -1003065205593 | Функция harvest_callback() выполнена
2025-09-23 10:36:20 | handlers | DEBUG | -1003065205593 | Функция me_command() выполнена
2025-09-23 10:36:24 | handlers | DEBUG | -1003065205593 | Функция overtime_command() выполнена
2025-09-23 10:36:37 | handlers | DEBUG | -1003065205593 | Функция inventory_command() выполнена
2025-09-23 10:36:40 | handlers | DEBUG | -1003065205593 | Функция craft_command() выполнена
2025-09-23 11:23:52 | handlers | DEBUG | -1003065205593 | Функция start_command() выполнена
2025-09-23 11:23:53 | handlers | DEBUG | -1003065205593 | Функция me_command() выполнена
2025-09-23 11:24:20 | handlers | DEBUG | -1003065205593 | Функция inventory_command() выполнена
2025-09-23 11:24:22 | handlers | DEBUG | -1003065205593 | Функция craft_command() выполнена
2025-09-23 11:24:26 | handlers | DEBUG | -1003065205593 | Функция cosmetics_command() выполнена
2025-09-23 11:24:29 | handlers | DEBUG | -1003065205593 | Функция overtime_command() выполнена
2025-09-23 11:33:29 | handlers | DEBUG | -1003065205593 | 1 | ✅ Эмодзи изменен: 👨‍🌾
2025-09-23 11:33:29 | handlers | DEBUG | -1003065205593 | Функция cosmetics_select() выполнена
2025-09-23 11:34:14 | handlers | DEBUG | -1003065205593 | Функция settings_command() выполнена
2025-09-23 11:34:16 | handlers | DEBUG | -1003065205593 | Функция settings_callback() выполнена
2025-09-23 11:35:09 | handlers | DEBUG | -1003065205593 | 1 | 🎯 Попадание! 1/3
2025-09-23 11:35:09 | handlers | DEBUG | -1003065205593 | Функция hitter_callback() выполнена
2025-09-23 11:35:12 | handlers | DEBUG | -1003065205593 | 1 | 🎯 Попадание! 2/3
2025-09-23 11:35:12 | handlers | DEBUG | -1003065205593 | Функция hitter_callback() выполнена
2025-09-23 11:35:18 | handlers | DEBUG | -1003065205593 | 1 | ➡️ Переход к следующему шагу
2025-09-23 11:35:18 | handlers | DEBUG | -1003065205593 | Функция hitter_callback() выполнена
2025-09-23 11:35:21 | handlers | DEBUG | -1003065205593 | 1 | ⏰ Таймер запущен!
2025-09-23 11:35:21 | handlers | DEBUG | -1003065205593 | Функция timer_callback() выполнена
2025-09-23 11:35:25 | handlers | DEBUG | -1003065205593 | Функция timer_callback() выполнена
2025-09-23 11:35:28 | handlers | DEBUG | -1003065205593 | Функция timer_callback() выполнена
2025-09-23 11:38:07 | handlers | WARNING | -1003065205593 | ⏰ Труд автоматически отменён по таймауту (3 минуты)
2025-09-23 11:42:50 | handlers | DEBUG | -1003065205593 | 1 | 🎯 Попадание! 1/3
2025-09-23 11:42:50 | handlers | DEBUG | -1003065205593 | Функция hitter_callback() выполнена
2025-09-23 11:42:53 | handlers | DEBUG | -1003065205593 | 1 | 🎯 Попадание! 2/3
2025-09-23 11:42:53 | handlers | DEBUG | -1003065205593 | Функция hitter_callback() выполнена
2025-09-23 11:42:55 | handlers | DEBUG | -1003065205593 | 1 | ➡️ Переход к следующему шагу
2025-09-23 11:42:55 | handlers | DEBUG | -1003065205593 | Функция hitter_callback() выполнена
2025-09-23 11:42:56 | handlers | DEBUG | -1003065205593 | 1 | ⏰ Таймер запущен!
2025-09-23 11:42:56 | handlers | DEBUG | -1003065205593 | Функция timer_callback() выполнена
2025-09-23 11:42:58 | handlers | DEBUG | -1003065205593 | Функция timer_callback() выполнена
2025-09-23 11:43:10 | handlers | DEBUG | -1003065205593 | Функция timer_callback() выполнена
2025-09-23 11:43:32 | handlers | DEBUG | -1003065205593 | 1 | 💼 Труд завершён!
2025-09-23 11:43:32 | handlers | DEBUG | -1003065205593 | Функция timer_callback() выполнена
2025-09-23 11:44:18 | handlers | DEBUG | -1003065205593 | Функция inventory_command() выполнена
2025-09-24 11:59:28 | handlers | DEBUG | -1003065205593 | 1 | 🎯 Попадание! 1/3
2025-09-24 11:59:28 | handlers | DEBUG | -1003065205593 | Функция hitter_callback() выполнена
2025-09-24 11:59:30 | handlers | DEBUG | -1003065205593 | 1 | 🎯 Попадание! 2/3
2025-09-24 11:59:30 | handlers | DEBUG | -1003065205593 | Функция hitter_callback() выполнена
2025-09-24 11:59:33 | handlers | DEBUG | -1003065205593 | 1 | ➡️ Переход к следующему шагу
2025-09-24 11:59:33 | handlers | DEBUG | -1003065205593 | Функция hitter_callback() выполнена
2025-09-24 11:59:35 | handlers | DEBUG | -1003065205593 | 1 | ⏰ Таймер запущен!
2025-09-24 11:59:35 | handlers | DEBUG | -1003065205593 | Функция timer_callback() выполнена
2025-09-24 12:03:43 | handlers | DEBUG | -1003065205593 | 1 | 🎯 Попадание! 1/3
2025-09-24 12:03:43 | handlers | DEBUG | -1003065205593 | Функция hitter_callback() выполнена
2025-09-24 12:03:46 | handlers | DEBUG | -1003065205593 | 1 | 🎯 Попадание! 2/3
2025-09-24 12:03:46 | handlers | DEBUG | -1003065205593 | Функция hitter_callback() выполнена
2025-09-24 12:03:48 | handlers | DEBUG | -1003065205593 | 1 | ➡️ Переход к следующему шагу
2025-09-24 12:03:48 | handlers | DEBUG | -1003065205593 | Функция hitter_callback() выполнена
2025-09-24 12:03:51 | handlers | DEBUG | -1003065205593 | 1 | ⏰ Таймер запущен!
2025-09-24 12:03:51 | handlers | DEBUG | -1003065205593 | Функция timer_callback() выполнена
2025-09-24 12:13:43 | handlers | DEBUG | -1003065205593 | 1 | 🎯 Попадание! 1/3
2025-09-24 12:13:43 | handlers | DEBUG | -1003065205593 | Функция hitter_callback() выполнена
2025-09-25 11:18:12 | handlers | DEBUG | -1003065205593 | Функция craft_command() выполнена
2025-09-25 11:39:27 | handlers | DEBUG | -1003065205593 | Функция craft_command() выполнена
2025-09-25 11:50:50 | handlers | DEBUG | -1003065205593 | Функция craft_command() выполнена
2025-09-25 12:08:31 | handlers | DEBUG | -1003065205593 | Функция choose_craft_command() выполнена
2025-09-25 12:10:40 | handlers | DEBUG | -1003065205593 | Функция choose_craft_command() выполнена
2025-09-25 12:12:03 | handlers | DEBUG | -1003065205593 | Функция choose_craft_command() выполнена
2025-09-25 12:17:53 | handlers | DEBUG | -1003065205593 | Функция choose_craft_command() выполнена
2025-09-25 12:29:45 | handlers | DEBUG | -1003065205593 | Функция choose_craft_command() выполнена
2025-09-25 12:31:18 | handlers | DEBUG | -1003065205593 | Функция me_command() выполнена
2025-09-25 12:31:24 | handlers | DEBUG | -1003065205593 | Функция choose_craft_command() выполнена
2025-09-25 12:36:39 | handlers | DEBUG | -1003065205593 | Функция choose_craft_command() выполнена
2025-09-25 12:36:40 | handlers | DEBUG | -1003065205593 | 1 | 💼 Выбрано ремесло: Ловчий
2025-09-25 12:36:40 | handlers | DEBUG | -1003065205593 | Функция select_craft_callback() выполнена
2025-09-25 12:37:25 | handlers | DEBUG | -1003065205593 | Функция choose_craft_command() выполнена
2025-09-25 12:37:26 | handlers | DEBUG | -1003065205593 | 2 | 💼 Выбрано ремесло: Ловчий
2025-09-25 12:37:26 | handlers | DEBUG | -1003065205593 | Функция select_craft_callback() выполнена
2025-09-25 12:44:16 | handlers | DEBUG | -1003065205593 | 1 | 🎯 Попадание!
2025-09-25 12:44:16 | handlers | DEBUG | -1003065205593 | Функция hitter_callback() выполнена
2025-09-25 12:44:19 | handlers | DEBUG | -1003065205593 | 1 | 🎯 Попадание!
2025-09-25 12:44:19 | handlers | DEBUG | -1003065205593 | Функция hitter_callback() выполнена
2025-09-25 12:44:20 | handlers | DEBUG | -1003065205593 | 1 | 🐟 Ловля завершена!
2025-09-25 12:44:20 | handlers | DEBUG | -1003065205593 | Функция hitter_callback() выполнена
2025-09-25 12:46:59 | handlers | DEBUG | -1003065205593 | 2 | 🎯 Попадание!
2025-09-25 12:46:59 | handlers | DEBUG | -1003065205593 | Функция hitter_callback() выполнена
2025-09-25 12:47:00 | handlers | DEBUG | -1003065205593 | 2 | 🎯 Попадание!
2025-09-25 12:47:00 | handlers | DEBUG | -1003065205593 | Функция hitter_callback() выполнена
2025-09-25 12:47:02 | handlers | DEBUG | -1003065205593 | 2 | 🐟 Ловля завершена!
2025-09-25 12:47:02 | handlers | DEBUG | -1003065205593 | Функция hitter_callback() выполнена
2025-09-25 12:47:57 | handlers | DEBUG | -1003065205593 | Функция choose_craft_command() выполнена
2025-09-25 12:47:58 | handlers | DEBUG | -1003065205593 | 1 | 💼 Выбрано ремесло: Ловчий
2025-09-25 12:47:58 | handlers | DEBUG | -1003065205593 | Функция select_craft_callback() выполнена
2025-09-25 12:48:01 | handlers | DEBUG | -1003065205593 | 1 | 🎯 Попадание!
2025-09-25 12:48:01 | handlers | DEBUG | -1003065205593 | Функция hitter_callback() выполнена
2025-09-25 12:48:03 | handlers | DEBUG | -1003065205593 | 1 | 🎯 Попадание!
2025-09-25 12:48:03 | handlers | DEBUG | -1003065205593 | Функция hitter_callback() выполнена
2025-09-25 12:48:04 | handlers | DEBUG | -1003065205593 | 1 | 🎯 Попадание!
2025-09-25 12:48:04 | handlers | DEBUG | -1003065205593 | Функция hitter_callback() выполнена
2025-09-25 12:48:06 | handlers | DEBUG | -1003065205593 | 1 | 🎯 Попадание!
2025-09-25 12:48:06 | handlers | DEBUG | -1003065205593 | Функция hitter_callback() выполнена
2025-09-25 12:48:08 | handlers | DEBUG | -1003065205593 | 1 | 🎯 Попадание!
2025-09-25 12:48:08 | handlers | DEBUG | -1003065205593 | Функция hitter_callback() выполнена
2025-09-25 12:48:09 | handlers | DEBUG | -1003065205593 | 1 | 🎯 Попадание!
2025-09-25 12:48:09 | handlers | DEBUG | -1003065205593 | Функция hitter_callback() выполнена
2025-09-25 12:48:12 | handlers | DEBUG | -1003065205593 | 1 | 🐟 Ловля завершена!
2025-09-25 12:48:12 | handlers | DEBUG | -1003065205593 | Функция hitter_callback() выполнена
2025-09-25 12:48:23 | handlers | DEBUG | -1003065205593 | Функция me_command() выполнена
2025-09-25 12:48:25 | handlers | DEBUG | -1003065205593 | Функция me_command() выполнена
2025-09-25 12:48:38 | handlers | DEBUG | -1003065205593 | Функция settings_command() выполнена
2025-09-25 12:48:39 | handlers | DEBUG | -1003065205593 | Функция settings_callback() выполнена
2025-09-25 12:48:55 | handlers | DEBUG | -1003065205593 | Функция settings_command() выполнена
2025-09-25 12:49:00 | handlers | DEBUG | -1003065205593 | Функция settings_callback() выполнена
2025-09-25 12:49:48 | handlers | DEBUG | -1003065205593 | Функция start_command() выполнена
2025-09-25 12:49:49 | handlers | DEBUG | -1003065205593 | Функция me_command() выполнена
2025-09-25 12:49:54 | handlers | DEBUG | -1003065205593 | Функция choose_craft_command() выполнена
2025-09-25 12:49:56 | handlers | DEBUG | -1003065205593 | 2 | 💼 Выбрано ремесло: Ловчий
2025-09-25 12:49:56 | handlers | DEBUG | -1003065205593 | Функция select_craft_callback() выполнена
2025-09-25 12:50:00 | handlers | DEBUG | -1003065205593 | 2 | 🎯 Попадание!
2025-09-25 12:50:00 | handlers | DEBUG | -1003065205593 | Функция hitter_callback() выполнена
2025-09-25 12:50:01 | handlers | DEBUG | -1003065205593 | Функция settings_command() выполнена
2025-09-25 12:50:02 | handlers | DEBUG | -1003065205593 | Функция settings_callback() выполнена
2025-09-25 12:50:04 | handlers | DEBUG | -1003065205593 | 2 | 🎯 Попадание!
2025-09-25 12:50:04 | handlers | DEBUG | -1003065205593 | Функция hitter_callback() выполнена
2025-09-25 12:50:07 | handlers | DEBUG | -1003065205593 | 2 | 🎯 Попадание!
2025-09-25 12:50:07 | handlers | DEBUG | -1003065205593 | Функция hitter_callback() выполнена
2025-09-25 12:50:11 | handlers | DEBUG | -1003065205593 | 2 | 🎯 Попадание!
2025-09-25 12:50:11 | handlers | DEBUG | -1003065205593 | Функция hitter_callback() выполнена
2025-09-25 12:50:13 | handlers | DEBUG | -1003065205593 | 2 | 🎯 Попадание!
2025-09-25 12:50:13 | handlers | DEBUG | -1003065205593 | Функция hitter_callback() выполнена
2025-09-25 12:50:14 | handlers | DEBUG | -1003065205593 | 2 | 🎯 Попадание!
2025-09-25 12:50:14 | handlers | DEBUG | -1003065205593 | Функция hitter_callback() выполнена
2025-09-25 12:50:16 | handlers | DEBUG | -1003065205593 | 2 | 🐟 Ловля завершена!
2025-09-25 12:50:16 | handlers | DEBUG | -1003065205593 | Функция hitter_callback() выполнена
2025-09-25 12:50:22 | handlers | DEBUG | -1003065205593 | Функция me_command() выполнена
2025-09-25 12:50:25 | handlers | DEBUG | -1003065205593 | Функция inventory_command() выполнена
2025-09-25 12:50:28 | handlers | DEBUG | -1003065205593 | Функция cosmetics_command() выполнена
2025-09-25 12:50:31 | handlers | DEBUG | -1003065205593 | 2 | ✅ Эмодзи изменен: 👩‍🌾
2025-09-25 12:50:31 | handlers | DEBUG | -1003065205593 | Функция cosmetics_select() выполнена
2025-09-25 12:50:39 | handlers | DEBUG | -1003065205593 | Функция overtime_command() выполнена
2025-09-25 12:51:42 | handlers | DEBUG | -1003065205593 | Функция settings_command() выполнена
2025-09-25 12:51:43 | handlers | DEBUG | -1003065205593 | Функция settings_callback() выполнена
2025-09-25 12:51:45 | handlers | DEBUG | -1003065205593 | Функция settings_callback() выполнена
2025-09-25 12:51:50 | handlers | DEBUG | -1003065205593 | Функция settings_callback() выполнена
2025-09-25 12:51:51 | handlers | DEBUG | -1003065205593 | Функция settings_callback() выполнена
2025-09-25 12:52:00 | handlers | DEBUG | -1003065205593 | Функция me_command() выполнена
2025-09-25 12:52:40 | handlers | DEBUG | -1003065205593 | Функция choose_craft_command() выполнена
2025-09-25 12:56:11 | handlers | DEBUG | -1003065205593 | Функция settings_command() выполнена
2025-09-25 12:56:13 | handlers | DEBUG | -1003065205593 | Функция settings_callback() выполнена
2025-09-25 12:56:16 | handlers | DEBUG | -1003065205593 | Функция me_command() выполнена
2025-09-25 12:56:23 | handlers | DEBUG | -1003065205593 | Функция choose_craft_command() выполнена
2025-09-25 12:56:31 | handlers | DEBUG | -1003065205593 | Функция settings_command() выполнена
2025-09-25 12:56:32 | handlers | DEBUG | -1003065205593 | Функция settings_callback() выполнена
2025-09-25 12:56:34 | handlers | DEBUG | -1003065205593 | Функция choose_craft_command() выполнена
